relative_path,folder,extension,size_bytes
TMW/10_2025_TMW/10_2025 TMW plots.pdf,10_2025_TMW,.pdf,21203731
TMW/10_2025_TMW/B7F0PHSL2_18.jpg,10_2025_TMW,.jpg,392421
TMW/10_2025_TMW/B7F0PHSL2_18.xml,10_2025_TMW,.xml,22592344
TMW/10_2025_TMW/B7F0PHSL2_18_combined_graphs.jpg,10_2025_TMW,.jpg,411735
TMW/10_2025_TMW/B7F0PHSL3_23.jpg,10_2025_TMW,.jpg,368863
TMW/10_2025_TMW/B7F0PHSL3_23.xml,10_2025_TMW,.xml,22502381
TMW/10_2025_TMW/B7F0PHSL3_23_combined_graphs.jpg,10_2025_TMW,.jpg,389773
TMW/10_2025_TMW/B7F0PHSL4_19.jpg,10_2025_TMW,.jpg,365936
TMW/10_2025_TMW/B7F0PHSL4_19.xml,10_2025_TMW,.xml,22474168
TMW/10_2025_TMW/B7F0PHSL4_19_combined_graphs.jpg,10_2025_TMW,.jpg,390486
TMW/10_2025_TMW/B7F0PHSL5_20.jpg,10_2025_TMW,.jpg,358038
TMW/10_2025_TMW/B7F0PHSL5_20.xml,10_2025_TMW,.xml,22400215
TMW/10_2025_TMW/B7F0PHSL5_20_combined_graphs.jpg,10_2025_TMW,.jpg,383180
TMW/10_2025_TMW/B7F0PHSL6_22.jpg,10_2025_TMW,.jpg,406509
TMW/10_2025_TMW/B7F0PHSL6_22.xml,10_2025_TMW,.xml,22867566
TMW/10_2025_TMW/B7F0PHSL6_22_combined_graphs.jpg,10_2025_TMW,.jpg,432227
TMW/10_2025_TMW/B7F0PHSL6_24.jpg,10_2025_TMW,.jpg,367967
TMW/10_2025_TMW/B7F0PHSL6_24.xml,10_2025_TMW,.xml,22478184
TMW/10_2025_TMW/B7F0PHSL6_24_combined_graphs.jpg,10_2025_TMW,.jpg,389549
TMW/10_2025_TMW/B7F0PHSL7_21.jpg,10_2025_TMW,.jpg,474760
TMW/10_2025_TMW/B7F0PHSL7_21.xml,10_2025_TMW,.xml,22884118
TMW/10_2025_TMW/B7F0PHSL7_21_combined_graphs.jpg,10_2025_TMW,.jpg,374998
TMW/10_2025_TMW/B7F0PHSL8_25.jpg,10_2025_TMW,.jpg,374660
TMW/10_2025_TMW/B7F0PHSL8_25.xml,10_2025_TMW,.xml,22486057
TMW/10_2025_TMW/B7F0PHSL8_25_combined_graphs.jpg,10_2025_TMW,.jpg,391835
TMW/10_2025_TMW/B7F0PHSL9_3.jpg,10_2025_TMW,.jpg,476069
TMW/10_2025_TMW/B7F0PHSL9_3.xml,10_2025_TMW,.xml,22859740
TMW/10_2025_TMW/B7F0PHSL9_3_combined_graphs.jpg,10_2025_TMW,.jpg,380517
TMW/10_2025_TMW/B7F0SL10_13.jpg,10_2025_TMW,.jpg,352370
TMW/10_2025_TMW/B7F0SL10_13.xml,10_2025_TMW,.xml,22916136
TMW/10_2025_TMW/B7F0SL10_13_combined_graphs.jpg,10_2025_TMW,.jpg,362468
TMW/10_2025_TMW/B7F0SL11_14.jpg,10_2025_TMW,.jpg,364885
TMW/10_2025_TMW/B7F0SL11_14.xml,10_2025_TMW,.xml,22417787
TMW/10_2025_TMW/B7F0SL11_14_combined_graphs.jpg,10_2025_TMW,.jpg,372098
TMW/10_2025_TMW/B7F0SL11_17.jpg,10_2025_TMW,.jpg,357922
TMW/10_2025_TMW/B7F0SL11_17.xml,10_2025_TMW,.xml,22419294
TMW/10_2025_TMW/B7F0SL11_17_combined_graphs.jpg,10_2025_TMW,.jpg,381729
TMW/10_2025_TMW/B7F0SL12_2.jpg,10_2025_TMW,.jpg,476105
TMW/10_2025_TMW/B7F0SL12_2.xml,10_2025_TMW,.xml,22858152
TMW/10_2025_TMW/B7F0SL12_2_combined_graphs.jpg,10_2025_TMW,.jpg,379388
TMW/10_2025_TMW/B7F0SL1_4.jpg,10_2025_TMW,.jpg,437268
TMW/10_2025_TMW/B7F0SL1_4.xml,10_2025_TMW,.xml,22793412
TMW/10_2025_TMW/B7F0SL1_4_combined_graphs.jpg,10_2025_TMW,.jpg,331684
TMW/10_2025_TMW/B7F0SL1_6.jpg,10_2025_TMW,.jpg,447422
TMW/10_2025_TMW/B7F0SL1_6.xml,10_2025_TMW,.xml,22843367
TMW/10_2025_TMW/B7F0SL1_6_combined_graphs.jpg,10_2025_TMW,.jpg,358425
TMW/10_2025_TMW/B7F0SL3_16.jpg,10_2025_TMW,.jpg,353233
TMW/10_2025_TMW/B7F0SL3_16.xml,10_2025_TMW,.xml,22927313
TMW/10_2025_TMW/B7F0SL3_16_combined_graphs.jpg,10_2025_TMW,.jpg,368052
TMW/10_2025_TMW/B7F0SL3_9.jpg,10_2025_TMW,.jpg,361091
TMW/10_2025_TMW/B7F0SL3_9.xml,10_2025_TMW,.xml,22436280
TMW/10_2025_TMW/B7F0SL3_9_combined_graphs.jpg,10_2025_TMW,.jpg,373198
TMW/10_2025_TMW/B7F0SL5_7.jpg,10_2025_TMW,.jpg,375128
TMW/10_2025_TMW/B7F0SL5_7.xml,10_2025_TMW,.xml,22536610
TMW/10_2025_TMW/B7F0SL5_7_combined_graphs.jpg,10_2025_TMW,.jpg,388503
TMW/10_2025_TMW/B7F0SL6_12.jpg,10_2025_TMW,.jpg,489171
TMW/10_2025_TMW/B7F0SL6_12.xml,10_2025_TMW,.xml,22879680
TMW/10_2025_TMW/B7F0SL6_12_combined_graphs.jpg,10_2025_TMW,.jpg,360510
TMW/10_2025_TMW/B7F0SL7_15.jpg,10_2025_TMW,.jpg,482835
TMW/10_2025_TMW/B7F0SL7_15.xml,10_2025_TMW,.xml,22892305
TMW/10_2025_TMW/B7F0SL7_15_combined_graphs.jpg,10_2025_TMW,.jpg,373315
TMW/10_2025_TMW/B7F5SL10_11.jpg,10_2025_TMW,.jpg,334944
TMW/10_2025_TMW/B7F5SL10_11.xml,10_2025_TMW,.xml,22342914
TMW/10_2025_TMW/B7F5SL10_11_combined_graphs.jpg,10_2025_TMW,.jpg,353530
TMW/10_2025_TMW/B7F5SL1_2.jpg,10_2025_TMW,.jpg,405668
TMW/10_2025_TMW/B7F5SL1_2.xml,10_2025_TMW,.xml,22638055
TMW/10_2025_TMW/B7F5SL1_2_combined_graphs.jpg,10_2025_TMW,.jpg,423748
TMW/10_2025_TMW/B7F5SL2_3.jpg,10_2025_TMW,.jpg,385329
TMW/10_2025_TMW/B7F5SL2_3.xml,10_2025_TMW,.xml,22541411
TMW/10_2025_TMW/B7F5SL2_3_combined_graphs.jpg,10_2025_TMW,.jpg,403554
TMW/10_2025_TMW/B7F5SL3_4.jpg,10_2025_TMW,.jpg,357328
TMW/10_2025_TMW/B7F5SL3_4.xml,10_2025_TMW,.xml,22449140
TMW/10_2025_TMW/B7F5SL3_4_combined_graphs.jpg,10_2025_TMW,.jpg,383463
TMW/10_2025_TMW/B7F5SL4_5.jpg,10_2025_TMW,.jpg,351964
TMW/10_2025_TMW/B7F5SL4_5.xml,10_2025_TMW,.xml,22403675
TMW/10_2025_TMW/B7F5SL4_5_combined_graphs.jpg,10_2025_TMW,.jpg,368088
TMW/10_2025_TMW/B7F5SL5_6.jpg,10_2025_TMW,.jpg,347855
TMW/10_2025_TMW/B7F5SL5_6.xml,10_2025_TMW,.xml,22392834
TMW/10_2025_TMW/B7F5SL5_6_combined_graphs.jpg,10_2025_TMW,.jpg,356697
TMW/10_2025_TMW/B7F5SL6_7.jpg,10_2025_TMW,.jpg,338541
TMW/10_2025_TMW/B7F5SL6_7.xml,10_2025_TMW,.xml,22339299
TMW/10_2025_TMW/B7F5SL6_7_combined_graphs.jpg,10_2025_TMW,.jpg,364901
TMW/10_2025_TMW/B7F5SL7_8.jpg,10_2025_TMW,.jpg,478509
TMW/10_2025_TMW/B7F5SL7_8.xml,10_2025_TMW,.xml,22857635
TMW/10_2025_TMW/B7F5SL7_8_combined_graphs.jpg,10_2025_TMW,.jpg,381472
TMW/10_2025_TMW/B7F5SL8_9.jpg,10_2025_TMW,.jpg,335715
TMW/10_2025_TMW/B7F5SL8_9.xml,10_2025_TMW,.xml,22853950
TMW/10_2025_TMW/B7F5SL8_9_combined_graphs.jpg,10_2025_TMW,.jpg,359754
TMW/10_2025_TMW/B7F5SL9_10.jpg,10_2025_TMW,.jpg,361472
TMW/10_2025_TMW/B7F5SL9_10.xml,10_2025_TMW,.xml,22853543
TMW/10_2025_TMW/B7F5SL9_10_combined_graphs.jpg,10_2025_TMW,.jpg,371750
TMW/10_2025_TMW/B7FT7SL1_4.jpg,10_2025_TMW,.jpg,402158
TMW/10_2025_TMW/B7FT7SL1_4.xml,10_2025_TMW,.xml,22845543
TMW/10_2025_TMW/B7FT7SL1_4_combined_graphs.jpg,10_2025_TMW,.jpg,420264
TMW/10_2025_TMW/B7FT7SL1_5.jpg,10_2025_TMW,.jpg,415010
TMW/10_2025_TMW/B7FT7SL1_5.xml,10_2025_TMW,.xml,22658379
TMW/10_2025_TMW/B7FT7SL1_5_combined_graphs.jpg,10_2025_TMW,.jpg,356750
TMW/10_2025_TMW/B7FT7SL2_6.jpg,10_2025_TMW,.jpg,363470
TMW/10_2025_TMW/B7FT7SL2_6.xml,10_2025_TMW,.xml,22449112
TMW/10_2025_TMW/B7FT7SL2_6_combined_graphs.jpg,10_2025_TMW,.jpg,369151
TMW/10_2025_TMW/B7FT7SL3_7.jpg,10_2025_TMW,.jpg,351326
TMW/10_2025_TMW/B7FT7SL3_7.xml,10_2025_TMW,.xml,22364256
TMW/10_2025_TMW/B7FT7SL3_7_combined_graphs.jpg,10_2025_TMW,.jpg,372729
TMW/10_2025_TMW/B7FT7SL4_12.jpg,10_2025_TMW,.jpg,350192
TMW/10_2025_TMW/B7FT7SL4_12.xml,10_2025_TMW,.xml,22893180
TMW/10_2025_TMW/B7FT7SL4_12_combined_graphs.jpg,10_2025_TMW,.jpg,370384
TMW/10_2025_TMW/B7FT7SL4_8.jpg,10_2025_TMW,.jpg,353347
TMW/10_2025_TMW/B7FT7SL4_8.xml,10_2025_TMW,.xml,22361862
TMW/10_2025_TMW/B7FT7SL4_8_combined_graphs.jpg,10_2025_TMW,.jpg,362545
TMW/10_2025_TMW/B7FT7SL5_9.jpg,10_2025_TMW,.jpg,479014
TMW/10_2025_TMW/B7FT7SL5_9.xml,10_2025_TMW,.xml,22829453
TMW/10_2025_TMW/B7FT7SL5_9_combined_graphs.jpg,10_2025_TMW,.jpg,372558
TMW/10_2025_TMW/B7FT7SL6_10.jpg,10_2025_TMW,.jpg,481965
TMW/10_2025_TMW/B7FT7SL6_10.xml,10_2025_TMW,.xml,22865121
TMW/10_2025_TMW/B7FT7SL6_10_combined_graphs.jpg,10_2025_TMW,.jpg,388254
TMW/10_2025_TMW/B7FT7SL7_11.jpg,10_2025_TMW,.jpg,478265
TMW/10_2025_TMW/B7FT7SL7_11.xml,10_2025_TMW,.xml,22866738
TMW/10_2025_TMW/B7FT7SL7_11_combined_graphs.jpg,10_2025_TMW,.jpg,383326
TMW/10_2025_TMW/B7FT7SL8_13.jpg,10_2025_TMW,.jpg,485129
TMW/10_2025_TMW/B7FT7SL8_13.xml,10_2025_TMW,.xml,22863827
TMW/10_2025_TMW/B7FT7SL8_13_combined_graphs.jpg,10_2025_TMW,.jpg,373379
TMW/10_2025_TMW/ID_dictionary.xlsx,10_2025_TMW,.xlsx,9080
TMW/10_2025_TMW/mapping.xlsx,10_2025_TMW,.xlsx,11083
TMW/10_2025_TMW/start_weld_overrides.json,10_2025_TMW,.json,1486
TMW/10_2025_TMW/TMW1225.py,10_2025_TMW,.py,29015
TMW/10_2025_TMW/TMW2026.py,10_2025_TMW,.py,49742
TMW/10_2025_TMW/TMW_Analyser_with_Temps.py,10_2025_TMW,.py,21024
TMW/10_2025_TMW/TMW_summary.xlsx,10_2025_TMW,.xlsx,12673
TMW/2025_12_17/7075&5356_24.jpg,2025_12_17,.jpg,359419
TMW/2025_12_17/7075&5356_24.xml,2025_12_17,.xml,11789253
TMW/2025_12_17/7075&5356_24_metrics.json,2025_12_17,.json,2170
TMW/2025_12_17/7075&5356_24_time_series.jpg,2025_12_17,.jpg,285137
TMW/2025_12_17/7075&5356_24_vel_vs_load.jpg,2025_12_17,.jpg,218313
TMW/2025_12_17/7075&5356_25.jpg,2025_12_17,.jpg,356916
TMW/2025_12_17/7075&5356_25.xml,2025_12_17,.xml,11775310
TMW/2025_12_17/7075&5356_25_metrics.json,2025_12_17,.json,2119
TMW/2025_12_17/7075&5356_25_time_series.jpg,2025_12_17,.jpg,288629
TMW/2025_12_17/7075&5356_25_vel_vs_load.jpg,2025_12_17,.jpg,223167
TMW/2025_12_17/7075&TiC_26.jpg,2025_12_17,.jpg,337226
TMW/2025_12_17/7075&TiC_26.xml,2025_12_17,.xml,11778778
TMW/2025_12_17/7075&TiC_26_metrics.json,2025_12_17,.json,2145
TMW/2025_12_17/7075&TiC_26_time_series.jpg,2025_12_17,.jpg,273640
TMW/2025_12_17/7075&TiC_26_vel_vs_load.jpg,2025_12_17,.jpg,219533
TMW/2025_12_17/7075&TiC_27.jpg,2025_12_17,.jpg,356758
TMW/2025_12_17/7075&TiC_27.xml,2025_12_17,.xml,11786446
TMW/2025_12_17/7075&TiC_27_metrics.json,2025_12_17,.json,2126
TMW/2025_12_17/7075&TiC_27_time_series.jpg,2025_12_17,.jpg,291562
TMW/2025_12_17/7075&TiC_27_vel_vs_load.jpg,2025_12_17,.jpg,222482
TMW/2025_12_17/AA7075_16.jpg,2025_12_17,.jpg,348985
TMW/2025_12_17/AA7075_16.xml,2025_12_17,.xml,11845910
TMW/2025_12_17/AA7075_16_metrics.json,2025_12_17,.json,2070
TMW/2025_12_17/AA7075_16_time_series.jpg,2025_12_17,.jpg,279325
TMW/2025_12_17/AA7075_16_vel_vs_load.jpg,2025_12_17,.jpg,249400
TMW/2025_12_17/AA7075_18.jpg,2025_12_17,.jpg,352928
TMW/2025_12_17/AA7075_18.xml,2025_12_17,.xml,11841393
TMW/2025_12_17/AA7075_18_metrics.json,2025_12_17,.json,2096
TMW/2025_12_17/AA7075_18_time_series.jpg,2025_12_17,.jpg,278919
TMW/2025_12_17/AA7075_18_vel_vs_load.jpg,2025_12_17,.jpg,264975
TMW/2025_12_17/AA7075_19.jpg,2025_12_17,.jpg,299569
TMW/2025_12_17/AA7075_19.xml,2025_12_17,.xml,11259186
TMW/2025_12_17/AA7075_19_metrics.json,2025_12_17,.json,2069
TMW/2025_12_17/AA7075_19_time_series.jpg,2025_12_17,.jpg,286901
TMW/2025_12_17/AA7075_19_vel_vs_load.jpg,2025_12_17,.jpg,245335
TMW/2025_12_17/AA7075_21.jpg,2025_12_17,.jpg,357622
TMW/2025_12_17/AA7075_21.xml,2025_12_17,.xml,11770721
TMW/2025_12_17/AA7075_21_metrics.json,2025_12_17,.json,2106
TMW/2025_12_17/AA7075_21_time_series.jpg,2025_12_17,.jpg,281949
TMW/2025_12_17/AA7075_21_vel_vs_load.jpg,2025_12_17,.jpg,240749
TMW/2025_12_17/AA7075_22.jpg,2025_12_17,.jpg,353631
TMW/2025_12_17/AA7075_22.xml,2025_12_17,.xml,11769532
TMW/2025_12_17/AA7075_22_metrics.json,2025_12_17,.json,2116
TMW/2025_12_17/AA7075_22_time_series.jpg,2025_12_17,.jpg,288501
TMW/2025_12_17/AA7075_22_vel_vs_load.jpg,2025_12_17,.jpg,213400
TMW/2025_12_17/AA7075_23.jpg,2025_12_17,.jpg,357441
TMW/2025_12_17/AA7075_23.xml,2025_12_17,.xml,11774133
TMW/2025_12_17/AA7075_23_metrics.json,2025_12_17,.json,2119
TMW/2025_12_17/AA7075_23_time_series.jpg,2025_12_17,.jpg,284419
TMW/2025_12_17/AA7075_23_vel_vs_load.jpg,2025_12_17,.jpg,220255
TMW/2025_12_17/ID_dictionary.xlsx,2025_12_17,.xlsx,9157
TMW/2025_12_17/mapping.xlsx,2025_12_17,.xlsx,8892
TMW/2025_12_17/Parameters_16.xml,2025_12_17,.xml,809
TMW/2025_12_17/Parameters_18.xml,2025_12_17,.xml,809
TMW/2025_12_17/Parameters_19.xml,2025_12_17,.xml,796
TMW/2025_12_17/Parameters_21.xml,2025_12_17,.xml,809
TMW/2025_12_17/Parameters_22.xml,2025_12_17,.xml,1016
TMW/2025_12_17/Parameters_23.xml,2025_12_17,.xml,1016
TMW/2025_12_17/Parameters_24.xml,2025_12_17,.xml,1016
TMW/2025_12_17/Parameters_25.xml,2025_12_17,.xml,1016
TMW/2025_12_17/Parameters_26.xml,2025_12_17,.xml,1016
TMW/2025_12_17/Parameters_27.xml,2025_12_17,.xml,1016
TMW/2025_12_17/TMW_summary.xlsx,2025_12_17,.xlsx,10501
TMW/2025_12_29_TMCA/AA7075_0.3_1.PNG,2025_12_29_TMCA,.png,85074
TMW/2025_12_29_TMCA/AA7075_0.3_2.jpg,2025_12_29_TMCA,.jpg,345746
TMW/2025_12_29_TMCA/AA7075_0.3_2.xml,2025_12_29_TMCA,.xml,11777973
TMW/2025_12_29_TMCA/AA7075_0.3_2_metrics.json,2025_12_29_TMCA,.json,1707
TMW/2025_12_29_TMCA/AA7075_0.3_2_time_series.jpg,2025_12_29_TMCA,.jpg,285274
TMW/2025_12_29_TMCA/AA7075_0.3_2_vel_vs_load.jpg,2025_12_29_TMCA,.jpg,226731
TMW/2025_12_29_TMCA/AA7075_0.3_3.jpg,2025_12_29_TMCA,.jpg,334115
TMW/2025_12_29_TMCA/AA7075_0.3_3.xml,2025_12_29_TMCA,.xml,11774196
TMW/2025_12_29_TMCA/AA7075_0.3_3_metrics.json,2025_12_29_TMCA,.json,2083
TMW/2025_12_29_TMCA/AA7075_0.3_3_time_series.jpg,2025_12_29_TMCA,.jpg,273046
TMW/2025_12_29_TMCA/AA7075_0.3_3_vel_vs_load.jpg,2025_12_29_TMCA,.jpg,230059
TMW/2025_12_29_TMCA/AA7075_0.3_H_7.jpg,2025_12_29_TMCA,.jpg,329127
TMW/2025_12_29_TMCA/AA7075_0.3_H_7.xml,2025_12_29_TMCA,.xml,11796580
TMW/2025_12_29_TMCA/AA7075_0.3_H_7_metrics.json,2025_12_29_TMCA,.json,2110
TMW/2025_12_29_TMCA/AA7075_0.3_H_7_time_series.jpg,2025_12_29_TMCA,.jpg,276543
TMW/2025_12_29_TMCA/AA7075_0.3_H_7_vel_vs_load.jpg,2025_12_29_TMCA,.jpg,218480
TMW/2025_12_29_TMCA/AA7075_0.3_H_8.jpg,2025_12_29_TMCA,.jpg,337372
TMW/2025_12_29_TMCA/AA7075_0.3_H_8.xml,2025_12_29_TMCA,.xml,11783106
TMW/2025_12_29_TMCA/AA7075_0.3_H_8_metrics.json,2025_12_29_TMCA,.json,2085
TMW/2025_12_29_TMCA/AA7075_0.3_H_8_time_series.jpg,2025_12_29_TMCA,.jpg,268474
TMW/2025_12_29_TMCA/AA7075_0.3_H_8_vel_vs_load.jpg,2025_12_29_TMCA,.jpg,225975
TMW/2025_12_29_TMCA/B7F0SL13_5.jpg,2025_12_29_TMCA,.jpg,291299
TMW/2025_12_29_TMCA/B7F0SL13_5.PNG,2025_12_29_TMCA,.png,56026
TMW/2025_12_29_TMCA/B7F0SL13_5.xml,2025_12_29_TMCA,.xml,11406788
TMW/2025_12_29_TMCA/B7F0SL13_5_metrics.json,2025_12_29_TMCA,.json,2088
TMW/2025_12_29_TMCA/B7F0SL13_5_time_series.jpg,2025_12_29_TMCA,.jpg,272162
TMW/2025_12_29_TMCA/B7F0SL13_5_vel_vs_load.jpg,2025_12_29_TMCA,.jpg,235784
TMW/2025_12_29_TMCA/ID_dictionary.xlsx,2025_12_29_TMCA,.xlsx,8803
TMW/2025_12_29_TMCA/load without move and add toach.PNG,2025_12_29_TMCA,.png,51342
TMW/2025_12_29_TMCA/mapping.xlsx,2025_12_29_TMCA,.xlsx,8856
TMW/2025_12_29_TMCA/Parameters_3.xml,2025_12_29_TMCA,.xml,797
TMW/2025_12_29_TMCA/Parameters_4.xml,2025_12_29_TMCA,.xml,805
TMW/2025_12_29_TMCA/Parameters_5.xml,2025_12_29_TMCA,.xml,805
TMW/2025_12_29_TMCA/Parameters_7.xml,2025_12_29_TMCA,.xml,797
TMW/2025_12_29_TMCA/Parameters_8.xml,2025_12_29_TMCA,.xml,797
TMW/2025_12_29_TMCA/Parameters_AA7075_0.3_2.xml,2025_12_29_TMCA,.xml,797
TMW/2025_12_29_TMCA/Parameters_test1_4.xml,2025_12_29_TMCA,.xml,797
TMW/2025_12_29_TMCA/start_weld_overrides.json,2025_12_29_TMCA,.json,210
TMW/2025_12_29_TMCA/test1_4.jpg,2025_12_29_TMCA,.jpg,370249
TMW/2025_12_29_TMCA/test1_4.xml,2025_12_29_TMCA,.xml,11760728
TMW/2025_12_29_TMCA/test1_4_metrics.json,2025_12_29_TMCA,.json,2008
TMW/2025_12_29_TMCA/test1_4_time_series.jpg,2025_12_29_TMCA,.jpg,271068
TMW/2025_12_29_TMCA/test1_4_vel_vs_load.jpg,2025_12_29_TMCA,.jpg,239417
TMW/2025_12_29_TMCA/test_2.jpg,2025_12_29_TMCA,.jpg,300015
TMW/2025_12_29_TMCA/test_2.xml,2025_12_29_TMCA,.xml,11674909
TMW/2025_12_29_TMCA/test_2_metrics.json,2025_12_29_TMCA,.json,1606
TMW/2025_12_29_TMCA/test_2_time_series.jpg,2025_12_29_TMCA,.jpg,248821
TMW/2025_12_29_TMCA/test_2_vel_vs_load.jpg,2025_12_29_TMCA,.jpg,248179
TMW/2025_12_29_TMCA/Test_4.jpg,2025_12_29_TMCA,.jpg,289648
TMW/2025_12_29_TMCA/Test_4.xml,2025_12_29_TMCA,.xml,11388899
TMW/2025_12_29_TMCA/Test_4_metrics.json,2025_12_29_TMCA,.json,2025
TMW/2025_12_29_TMCA/Test_4_time_series.jpg,2025_12_29_TMCA,.jpg,260832
TMW/2025_12_29_TMCA/Test_4_vel_vs_load.jpg,2025_12_29_TMCA,.jpg,239058
TMW/2025_12_29_TMCA/TMW_summary.xlsx,2025_12_29_TMCA,.xlsx,9326
TMW/2025_12_30_TMCA/all plots 30_12_2025 TMCA.pdf,2025_12_30_TMCA,.pdf,29068369
TMW/2025_12_30_TMCA/B6F0SL_2.jpg,2025_12_30_TMCA,.jpg,319744
TMW/2025_12_30_TMCA/B6F0SL_2.xml,2025_12_30_TMCA,.xml,11934889
TMW/2025_12_30_TMCA/B6F0SL_2_metrics.json,2025_12_30_TMCA,.json,1718
TMW/2025_12_30_TMCA/B6F0SL_2_time_series.jpg,2025_12_30_TMCA,.jpg,264173
TMW/2025_12_30_TMCA/B6F0SL_2_vel_vs_load.jpg,2025_12_30_TMCA,.jpg,183841
TMW/2025_12_30_TMCA/B6F0SL_3.jpg,2025_12_30_TMCA,.jpg,319226
TMW/2025_12_30_TMCA/B6F0SL_3.xml,2025_12_30_TMCA,.xml,11775533
TMW/2025_12_30_TMCA/B6F0SL_3_metrics.json,2025_12_30_TMCA,.json,1747
TMW/2025_12_30_TMCA/B6F0SL_3_time_series.jpg,2025_12_30_TMCA,.jpg,269124
TMW/2025_12_30_TMCA/B6F0SL_3_vel_vs_load.jpg,2025_12_30_TMCA,.jpg,195207
TMW/2025_12_30_TMCA/B6F0SL_4.jpg,2025_12_30_TMCA,.jpg,327443
TMW/2025_12_30_TMCA/B6F0SL_4.xml,2025_12_30_TMCA,.xml,11776452
TMW/2025_12_30_TMCA/B6F0SL_4_metrics.json,2025_12_30_TMCA,.json,1737
TMW/2025_12_30_TMCA/B6F0SL_4_time_series.jpg,2025_12_30_TMCA,.jpg,275223
TMW/2025_12_30_TMCA/B6F0SL_4_vel_vs_load.jpg,2025_12_30_TMCA,.jpg,211751
TMW/2025_12_30_TMCA/B6F0SL_5.jpg,2025_12_30_TMCA,.jpg,332633
TMW/2025_12_30_TMCA/B6F0SL_5.xml,2025_12_30_TMCA,.xml,11796174
TMW/2025_12_30_TMCA/B6F0SL_5_metrics.json,2025_12_30_TMCA,.json,1745
TMW/2025_12_30_TMCA/B6F0SL_5_time_series.jpg,2025_12_30_TMCA,.jpg,265230
TMW/2025_12_30_TMCA/B6F0SL_5_vel_vs_load.jpg,2025_12_30_TMCA,.jpg,226371
TMW/2025_12_30_TMCA/B6F0SL_6.jpg,2025_12_30_TMCA,.jpg,330196
TMW/2025_12_30_TMCA/B6F0SL_6.xml,2025_12_30_TMCA,.xml,11842071
TMW/2025_12_30_TMCA/B6F0SL_6_metrics.json,2025_12_30_TMCA,.json,1736
TMW/2025_12_30_TMCA/B6F0SL_6_time_series.jpg,2025_12_30_TMCA,.jpg,265267
TMW/2025_12_30_TMCA/B6F0SL_6_vel_vs_load.jpg,2025_12_30_TMCA,.jpg,204244
TMW/2025_12_30_TMCA/B6F0SL_H_12.jpg,2025_12_30_TMCA,.jpg,337551
TMW/2025_12_30_TMCA/B6F0SL_H_12.xml,2025_12_30_TMCA,.xml,11781747
TMW/2025_12_30_TMCA/B6F0SL_H_12_metrics.json,2025_12_30_TMCA,.json,1744
TMW/2025_12_30_TMCA/B6F0SL_H_12_time_series.jpg,2025_12_30_TMCA,.jpg,276081
TMW/2025_12_30_TMCA/B6F0SL_H_12_vel_vs_load.jpg,2025_12_30_TMCA,.jpg,223481
TMW/2025_12_30_TMCA/B6F0SL_H_13.jpg,2025_12_30_TMCA,.jpg,333862
TMW/2025_12_30_TMCA/B6F0SL_H_13.xml,2025_12_30_TMCA,.xml,11784851
TMW/2025_12_30_TMCA/B6F0SL_H_13_metrics.json,2025_12_30_TMCA,.json,1741
TMW/2025_12_30_TMCA/B6F0SL_H_13_time_series.jpg,2025_12_30_TMCA,.jpg,281998
TMW/2025_12_30_TMCA/B6F0SL_H_13_vel_vs_load.jpg,2025_12_30_TMCA,.jpg,219638
TMW/2025_12_30_TMCA/B6F5SL_18.jpg,2025_12_30_TMCA,.jpg,321998
TMW/2025_12_30_TMCA/B6F5SL_18.xml,2025_12_30_TMCA,.xml,11779805
TMW/2025_12_30_TMCA/B6F5SL_18_metrics.json,2025_12_30_TMCA,.json,1745
TMW/2025_12_30_TMCA/B6F5SL_18_time_series.jpg,2025_12_30_TMCA,.jpg,274868
TMW/2025_12_30_TMCA/B6F5SL_18_vel_vs_load.jpg,2025_12_30_TMCA,.jpg,220105
TMW/2025_12_30_TMCA/B6F5SL_19.jpg,2025_12_30_TMCA,.jpg,324438
TMW/2025_12_30_TMCA/B6F5SL_19.xml,2025_12_30_TMCA,.xml,11773907
TMW/2025_12_30_TMCA/B6F5SL_19_metrics.json,2025_12_30_TMCA,.json,1741
TMW/2025_12_30_TMCA/B6F5SL_19_time_series.jpg,2025_12_30_TMCA,.jpg,268404
TMW/2025_12_30_TMCA/B6F5SL_19_vel_vs_load.jpg,2025_12_30_TMCA,.jpg,213627
TMW/2025_12_30_TMCA/B6F5SL_20.jpg,2025_12_30_TMCA,.jpg,322434
TMW/2025_12_30_TMCA/B6F5SL_20.xml,2025_12_30_TMCA,.xml,11811177
TMW/2025_12_30_TMCA/B6F5SL_20_metrics.json,2025_12_30_TMCA,.json,1737
TMW/2025_12_30_TMCA/B6F5SL_20_time_series.jpg,2025_12_30_TMCA,.jpg,267288
TMW/2025_12_30_TMCA/B6F5SL_20_vel_vs_load.jpg,2025_12_30_TMCA,.jpg,215875
TMW/2025_12_30_TMCA/B6F5SL_21.jpg,2025_12_30_TMCA,.jpg,320441
TMW/2025_12_30_TMCA/B6F5SL_21.xml,2025_12_30_TMCA,.xml,11810300
TMW/2025_12_30_TMCA/B6F5SL_21_metrics.json,2025_12_30_TMCA,.json,1718
TMW/2025_12_30_TMCA/B6F5SL_21_time_series.jpg,2025_12_30_TMCA,.jpg,269662
TMW/2025_12_30_TMCA/B6F5SL_21_vel_vs_load.jpg,2025_12_30_TMCA,.jpg,217129
TMW/2025_12_30_TMCA/B6F5SL_24.jpg,2025_12_30_TMCA,.jpg,326616
TMW/2025_12_30_TMCA/B6F5SL_24.xml,2025_12_30_TMCA,.xml,11780105
TMW/2025_12_30_TMCA/B6F5SL_24_metrics.json,2025_12_30_TMCA,.json,1706
TMW/2025_12_30_TMCA/B6F5SL_24_time_series.jpg,2025_12_30_TMCA,.jpg,269733
TMW/2025_12_30_TMCA/B6F5SL_24_vel_vs_load.jpg,2025_12_30_TMCA,.jpg,218465
TMW/2025_12_30_TMCA/B6F5SL_25.jpg,2025_12_30_TMCA,.jpg,327342
TMW/2025_12_30_TMCA/B6F5SL_25.xml,2025_12_30_TMCA,.xml,11826041
TMW/2025_12_30_TMCA/B6F5SL_25_metrics.json,2025_12_30_TMCA,.json,2611
TMW/2025_12_30_TMCA/B6F5SL_25_time_series.jpg,2025_12_30_TMCA,.jpg,267552
TMW/2025_12_30_TMCA/B6F5SL_25_vel_vs_load.jpg,2025_12_30_TMCA,.jpg,230438
TMW/2025_12_30_TMCA/B6F5SL_26.jpg,2025_12_30_TMCA,.jpg,323377
TMW/2025_12_30_TMCA/B6F5SL_26.xml,2025_12_30_TMCA,.xml,11820710
TMW/2025_12_30_TMCA/B6F5SL_26_metrics.json,2025_12_30_TMCA,.json,1728
TMW/2025_12_30_TMCA/B6F5SL_26_time_series.jpg,2025_12_30_TMCA,.jpg,271746
TMW/2025_12_30_TMCA/B6F5SL_26_vel_vs_load.jpg,2025_12_30_TMCA,.jpg,205740
TMW/2025_12_30_TMCA/B7F0SL_27.jpg,2025_12_30_TMCA,.jpg,326903
TMW/2025_12_30_TMCA/B7F0SL_27.xml,2025_12_30_TMCA,.xml,11766749
TMW/2025_12_30_TMCA/B7F0SL_27_metrics.json,2025_12_30_TMCA,.json,2479
TMW/2025_12_30_TMCA/B7F0SL_27_time_series.jpg,2025_12_30_TMCA,.jpg,272588
TMW/2025_12_30_TMCA/B7F0SL_27_vel_vs_load.jpg,2025_12_30_TMCA,.jpg,220505
TMW/2025_12_30_TMCA/B7F0SL_28.jpg,2025_12_30_TMCA,.jpg,323695
TMW/2025_12_30_TMCA/B7F0SL_28.xml,2025_12_30_TMCA,.xml,11784806
TMW/2025_12_30_TMCA/B7F0SL_28_metrics.json,2025_12_30_TMCA,.json,1751
TMW/2025_12_30_TMCA/B7F0SL_28_time_series.jpg,2025_12_30_TMCA,.jpg,269009
TMW/2025_12_30_TMCA/B7F0SL_28_vel_vs_load.jpg,2025_12_30_TMCA,.jpg,213558
TMW/2025_12_30_TMCA/B7F0SL_7.jpg,2025_12_30_TMCA,.jpg,325631
TMW/2025_12_30_TMCA/B7F0SL_7.xml,2025_12_30_TMCA,.xml,11775189
TMW/2025_12_30_TMCA/B7F0SL_7_metrics.json,2025_12_30_TMCA,.json,1742
TMW/2025_12_30_TMCA/B7F0SL_7_time_series.jpg,2025_12_30_TMCA,.jpg,273587
TMW/2025_12_30_TMCA/B7F0SL_7_vel_vs_load.jpg,2025_12_30_TMCA,.jpg,207450
TMW/2025_12_30_TMCA/B7F0SL_8.jpg,2025_12_30_TMCA,.jpg,325821
TMW/2025_12_30_TMCA/B7F0SL_8.xml,2025_12_30_TMCA,.xml,11781743
TMW/2025_12_30_TMCA/B7F0SL_8_metrics.json,2025_12_30_TMCA,.json,1750
TMW/2025_12_30_TMCA/B7F0SL_8_time_series.jpg,2025_12_30_TMCA,.jpg,276099
TMW/2025_12_30_TMCA/B7F0SL_8_vel_vs_load.jpg,2025_12_30_TMCA,.jpg,204443
TMW/2025_12_30_TMCA/B7F0SL_9.jpg,2025_12_30_TMCA,.jpg,328791
TMW/2025_12_30_TMCA/B7F0SL_9.xml,2025_12_30_TMCA,.xml,11784229
TMW/2025_12_30_TMCA/B7F0SL_9_metrics.json,2025_12_30_TMCA,.json,1768
TMW/2025_12_30_TMCA/B7F0SL_9_time_series.jpg,2025_12_30_TMCA,.jpg,266032
TMW/2025_12_30_TMCA/B7F0SL_9_vel_vs_load.jpg,2025_12_30_TMCA,.jpg,207345
TMW/2025_12_30_TMCA/B7F0SL_H_10.jpg,2025_12_30_TMCA,.jpg,322514
TMW/2025_12_30_TMCA/B7F0SL_H_10.xml,2025_12_30_TMCA,.xml,11787350
TMW/2025_12_30_TMCA/B7F0SL_H_10_metrics.json,2025_12_30_TMCA,.json,1740
TMW/2025_12_30_TMCA/B7F0SL_H_10_time_series.jpg,2025_12_30_TMCA,.jpg,267508
TMW/2025_12_30_TMCA/B7F0SL_H_10_vel_vs_load.jpg,2025_12_30_TMCA,.jpg,206008
TMW/2025_12_30_TMCA/B7F0SL_H_11.jpg,2025_12_30_TMCA,.jpg,321585
TMW/2025_12_30_TMCA/B7F0SL_H_11.xml,2025_12_30_TMCA,.xml,11793950
TMW/2025_12_30_TMCA/B7F0SL_H_11_metrics.json,2025_12_30_TMCA,.json,1742
TMW/2025_12_30_TMCA/B7F0SL_H_11_time_series.jpg,2025_12_30_TMCA,.jpg,267796
TMW/2025_12_30_TMCA/B7F0SL_H_11_vel_vs_load.jpg,2025_12_30_TMCA,.jpg,207763
TMW/2025_12_30_TMCA/B7F5SL_16.jpg,2025_12_30_TMCA,.jpg,325286
TMW/2025_12_30_TMCA/B7F5SL_16.xml,2025_12_30_TMCA,.xml,11771226
TMW/2025_12_30_TMCA/B7F5SL_16_metrics.json,2025_12_30_TMCA,.json,1758
TMW/2025_12_30_TMCA/B7F5SL_16_time_series.jpg,2025_12_30_TMCA,.jpg,262015
TMW/2025_12_30_TMCA/B7F5SL_16_vel_vs_load.jpg,2025_12_30_TMCA,.jpg,223726
TMW/2025_12_30_TMCA/B7F5SL_17.jpg,2025_12_30_TMCA,.jpg,322173
TMW/2025_12_30_TMCA/B7F5SL_17.xml,2025_12_30_TMCA,.xml,11791031
TMW/2025_12_30_TMCA/B7F5SL_17_metrics.json,2025_12_30_TMCA,.json,1737
TMW/2025_12_30_TMCA/B7F5SL_17_time_series.jpg,2025_12_30_TMCA,.jpg,271172
TMW/2025_12_30_TMCA/B7F5SL_17_vel_vs_load.jpg,2025_12_30_TMCA,.jpg,205541
TMW/2025_12_30_TMCA/B7F5SL_22.jpg,2025_12_30_TMCA,.jpg,326224
TMW/2025_12_30_TMCA/B7F5SL_22.xml,2025_12_30_TMCA,.xml,11783994
TMW/2025_12_30_TMCA/B7F5SL_22_metrics.json,2025_12_30_TMCA,.json,1754
TMW/2025_12_30_TMCA/B7F5SL_22_time_series.jpg,2025_12_30_TMCA,.jpg,278044
TMW/2025_12_30_TMCA/B7F5SL_22_vel_vs_load.jpg,2025_12_30_TMCA,.jpg,206038
TMW/2025_12_30_TMCA/B7F5SL_23.jpg,2025_12_30_TMCA,.jpg,325182
TMW/2025_12_30_TMCA/B7F5SL_23.xml,2025_12_30_TMCA,.xml,11780555
TMW/2025_12_30_TMCA/B7F5SL_23_metrics.json,2025_12_30_TMCA,.json,1768
TMW/2025_12_30_TMCA/B7F5SL_23_time_series.jpg,2025_12_30_TMCA,.jpg,257958
TMW/2025_12_30_TMCA/B7F5SL_23_vel_vs_load.jpg,2025_12_30_TMCA,.jpg,207810
TMW/2025_12_30_TMCA/B7FT7SL_14.jpg,2025_12_30_TMCA,.jpg,324257
TMW/2025_12_30_TMCA/B7FT7SL_14.xml,2025_12_30_TMCA,.xml,11775718
TMW/2025_12_30_TMCA/B7FT7SL_14_metrics.json,2025_12_30_TMCA,.json,1765
TMW/2025_12_30_TMCA/B7FT7SL_14_time_series.jpg,2025_12_30_TMCA,.jpg,262596
TMW/2025_12_30_TMCA/B7FT7SL_14_vel_vs_load.jpg,2025_12_30_TMCA,.jpg,205236
TMW/2025_12_30_TMCA/B7FT7SL_15.jpg,2025_12_30_TMCA,.jpg,327134
TMW/2025_12_30_TMCA/B7FT7SL_15.xml,2025_12_30_TMCA,.xml,11765860
TMW/2025_12_30_TMCA/B7FT7SL_15_metrics.json,2025_12_30_TMCA,.json,1753
TMW/2025_12_30_TMCA/B7FT7SL_15_time_series.jpg,2025_12_30_TMCA,.jpg,274277
TMW/2025_12_30_TMCA/B7FT7SL_15_vel_vs_load.jpg,2025_12_30_TMCA,.jpg,199855
TMW/2025_12_30_TMCA/ctds_manual_overrides.json,2025_12_30_TMCA,.json,13661
TMW/2025_12_30_TMCA/CT_VNC_surface_vs_CT_corrected.png,2025_12_30_TMCA,.png,48509
TMW/2025_12_30_TMCA/ID_dictionary.xlsx,2025_12_30_TMCA,.xlsx,8961
TMW/2025_12_30_TMCA/mapping.xlsx,2025_12_30_TMCA,.xlsx,9673
TMW/2025_12_30_TMCA/Parameters_B6F0SL_2.xml,2025_12_30_TMCA,.xml,771
TMW/2025_12_30_TMCA/Parameters_B6F0SL_3.xml,2025_12_30_TMCA,.xml,797
TMW/2025_12_30_TMCA/Parameters_B6F0SL_4.xml,2025_12_30_TMCA,.xml,797
TMW/2025_12_30_TMCA/Parameters_B6F0SL_5.xml,2025_12_30_TMCA,.xml,809
TMW/2025_12_30_TMCA/Parameters_B6F0SL_6.xml,2025_12_30_TMCA,.xml,810
TMW/2025_12_30_TMCA/Parameters_B6F0SL_H_12.xml,2025_12_30_TMCA,.xml,797
TMW/2025_12_30_TMCA/Parameters_B6F0SL_H_13.xml,2025_12_30_TMCA,.xml,797
TMW/2025_12_30_TMCA/Parameters_B6F5SL_18.xml,2025_12_30_TMCA,.xml,797
TMW/2025_12_30_TMCA/Parameters_B6F5SL_19.xml,2025_12_30_TMCA,.xml,797
TMW/2025_12_30_TMCA/Parameters_B6F5SL_20.xml,2025_12_30_TMCA,.xml,799
TMW/2025_12_30_TMCA/Parameters_B6F5SL_21.xml,2025_12_30_TMCA,.xml,799
TMW/2025_12_30_TMCA/Parameters_B6F5SL_24.xml,2025_12_30_TMCA,.xml,797
TMW/2025_12_30_TMCA/Parameters_B6F5SL_25.xml,2025_12_30_TMCA,.xml,799
TMW/2025_12_30_TMCA/Parameters_B6F5SL_26.xml,2025_12_30_TMCA,.xml,799
TMW/2025_12_30_TMCA/Parameters_B7F0SL_27.xml,2025_12_30_TMCA,.xml,797
TMW/2025_12_30_TMCA/Parameters_B7F0SL_28.xml,2025_12_30_TMCA,.xml,797
TMW/2025_12_30_TMCA/Parameters_B7F0SL_7.xml,2025_12_30_TMCA,.xml,797
TMW/2025_12_30_TMCA/Parameters_B7F0SL_8.xml,2025_12_30_TMCA,.xml,797
TMW/2025_12_30_TMCA/Parameters_B7F0SL_9.xml,2025_12_30_TMCA,.xml,797
TMW/2025_12_30_TMCA/Parameters_B7F0SL_H_10.xml,2025_12_30_TMCA,.xml,797
TMW/2025_12_30_TMCA/Parameters_B7F0SL_H_11.xml,2025_12_30_TMCA,.xml,797
TMW/2025_12_30_TMCA/Parameters_B7F5SL_16.xml,2025_12_30_TMCA,.xml,797
TMW/2025_12_30_TMCA/Parameters_B7F5SL_17.xml,2025_12_30_TMCA,.xml,797
TMW/2025_12_30_TMCA/Parameters_B7F5SL_22.xml,2025_12_30_TMCA,.xml,797
TMW/2025_12_30_TMCA/Parameters_B7F5SL_23.xml,2025_12_30_TMCA,.xml,797
TMW/2025_12_30_TMCA/Parameters_B7FT7SL_14.xml,2025_12_30_TMCA,.xml,797
TMW/2025_12_30_TMCA/Parameters_B7FT7SL_15.xml,2025_12_30_TMCA,.xml,797
TMW/2025_12_30_TMCA/start_weld_overrides.json,2025_12_30_TMCA,.json,758
TMW/2025_12_30_TMCA/TMW_summary.xlsx,2025_12_30_TMCA,.xlsx,22937
TMW/2025_4_TMW/B7F0SL1_1.jpg,2025_4_TMW,.jpg,434578
TMW/2025_4_TMW/B7F0SL1_1.xml,2025_4_TMW,.xml,22882800
TMW/2025_4_TMW/B7F0SL1_1_combined_graphs.jpg,2025_4_TMW,.jpg,393069
TMW/2025_4_TMW/B7F0SL2_1.jpg,2025_4_TMW,.jpg,397054
TMW/2025_4_TMW/B7F0SL2_1.xml,2025_4_TMW,.xml,22885199
TMW/2025_4_TMW/B7F0SL2_1_combined_graphs.jpg,2025_4_TMW,.jpg,451626
TMW/2025_4_TMW/B7F0SL3_1.jpg,2025_4_TMW,.jpg,345192
TMW/2025_4_TMW/B7F0SL3_1.xml,2025_4_TMW,.xml,22871721
TMW/2025_4_TMW/B7F0SL3_1_combined_graphs.jpg,2025_4_TMW,.jpg,410561
TMW/2025_4_TMW/B7F0SL4_1.jpg,2025_4_TMW,.jpg,476942
TMW/2025_4_TMW/B7F0SL4_1.xml,2025_4_TMW,.xml,22891318
TMW/2025_4_TMW/B7F0SL4_1_combined_graphs.jpg,2025_4_TMW,.jpg,394357
TMW/2025_4_TMW/B7F0SL5_1.jpg,2025_4_TMW,.jpg,383397
TMW/2025_4_TMW/B7F0SL5_1.xml,2025_4_TMW,.xml,22919918
TMW/2025_4_TMW/B7F0SL5_1_combined_graphs.jpg,2025_4_TMW,.jpg,424899
TMW/2025_4_TMW/B7F0SL6_1.jpg,2025_4_TMW,.jpg,353637
TMW/2025_4_TMW/B7F0SL6_1.xml,2025_4_TMW,.xml,22904189
TMW/2025_4_TMW/B7F0SL6_1_combined_graphs.jpg,2025_4_TMW,.jpg,385348
TMW/2025_4_TMW/B7F0SL7_1.jpg,2025_4_TMW,.jpg,484034
TMW/2025_4_TMW/B7F0SL7_1.xml,2025_4_TMW,.xml,22917774
TMW/2025_4_TMW/B7F0SL7_1_combined_graphs.jpg,2025_4_TMW,.jpg,385998
TMW/2025_4_TMW/B7F0SL8_1.jpg,2025_4_TMW,.jpg,467383
TMW/2025_4_TMW/B7F0SL8_1.xml,2025_4_TMW,.xml,22897741
TMW/2025_4_TMW/B7F0SL8_1_combined_graphs.jpg,2025_4_TMW,.jpg,374558
TMW/2025_4_TMW/B7F0SL9_1.jpg,2025_4_TMW,.jpg,474738
TMW/2025_4_TMW/B7F0SL9_1.xml,2025_4_TMW,.xml,22915162
TMW/2025_4_TMW/B7F0SL9_1_combined_graphs.jpg,2025_4_TMW,.jpg,389382
TMW/2025_4_TMW/B7F5SL1_1.jpg,2025_4_TMW,.jpg,411364
TMW/2025_4_TMW/B7F5SL1_1.xml,2025_4_TMW,.xml,22638580
TMW/2025_4_TMW/B7F5SL1_1_combined_graphs.jpg,2025_4_TMW,.jpg,460565
TMW/2025_4_TMW/B7F5SL2_1.jpg,2025_4_TMW,.jpg,373746
TMW/2025_4_TMW/B7F5SL2_1.xml,2025_4_TMW,.xml,22496318
TMW/2025_4_TMW/B7F5SL2_1_combined_graphs.jpg,2025_4_TMW,.jpg,421775
TMW/2025_4_TMW/B7F5SL3_1.jpg,2025_4_TMW,.jpg,366043
TMW/2025_4_TMW/B7F5SL3_1.xml,2025_4_TMW,.xml,22459681
TMW/2025_4_TMW/B7F5SL3_1_combined_graphs.jpg,2025_4_TMW,.jpg,414074
TMW/2025_4_TMW/B7F5SL3_2.jpg,2025_4_TMW,.jpg,382066
TMW/2025_4_TMW/B7F5SL3_2.xml,2025_4_TMW,.xml,22530005
TMW/2025_4_TMW/B7F5SL3_2_combined_graphs.jpg,2025_4_TMW,.jpg,434749
TMW/2025_4_TMW/B7F5SL3_3.jpg,2025_4_TMW,.jpg,358360
TMW/2025_4_TMW/B7F5SL3_3.xml,2025_4_TMW,.xml,22417448
TMW/2025_4_TMW/B7F5SL3_3_combined_graphs.jpg,2025_4_TMW,.jpg,400731
TMW/2025_4_TMW/B7F5SL4_1.jpg,2025_4_TMW,.jpg,367869
TMW/2025_4_TMW/B7F5SL4_1.xml,2025_4_TMW,.xml,22525936
TMW/2025_4_TMW/B7F5SL4_1_combined_graphs.jpg,2025_4_TMW,.jpg,410195
TMW/2025_4_TMW/B7F5SL4_2.jpg,2025_4_TMW,.jpg,362077
TMW/2025_4_TMW/B7F5SL4_2.xml,2025_4_TMW,.xml,22448512
TMW/2025_4_TMW/B7F5SL4_2_combined_graphs.jpg,2025_4_TMW,.jpg,402139
TMW/2025_4_TMW/B7F5SL5_1.jpg,2025_4_TMW,.jpg,348663
TMW/2025_4_TMW/B7F5SL5_1.xml,2025_4_TMW,.xml,22395221
TMW/2025_4_TMW/B7F5SL5_1_combined_graphs.jpg,2025_4_TMW,.jpg,395078
TMW/2025_4_TMW/B7F5SL6_1.jpg,2025_4_TMW,.jpg,467934
TMW/2025_4_TMW/B7F5SL6_1.xml,2025_4_TMW,.xml,22881015
TMW/2025_4_TMW/B7F5SL6_1_combined_graphs.jpg,2025_4_TMW,.jpg,392323
TMW/2025_4_TMW/B7F5SL7_1.jpg,2025_4_TMW,.jpg,477805
TMW/2025_4_TMW/B7F5SL7_1.xml,2025_4_TMW,.xml,22904932
TMW/2025_4_TMW/B7F5SL7_1_combined_graphs.jpg,2025_4_TMW,.jpg,404359
TMW/2025_4_TMW/B7F5SL8_1.jpg,2025_4_TMW,.jpg,386587
TMW/2025_4_TMW/B7F5SL8_1.xml,2025_4_TMW,.xml,22905189
TMW/2025_4_TMW/B7F5SL8_1_combined_graphs.jpg,2025_4_TMW,.jpg,435633
TMW/2025_4_TMW/B7F5SL9_1.jpg,2025_4_TMW,.jpg,468379
TMW/2025_4_TMW/B7F5SL9_1.xml,2025_4_TMW,.xml,22907631
TMW/2025_4_TMW/B7F5SL9_1_combined_graphs.jpg,2025_4_TMW,.jpg,391350
TMW/2025_4_TMW/B7FT7SL10_1.jpg,2025_4_TMW,.jpg,466430
TMW/2025_4_TMW/B7FT7SL10_1.xml,2025_4_TMW,.xml,22878804
TMW/2025_4_TMW/B7FT7SL10_1_combined_graphs.jpg,2025_4_TMW,.jpg,397837
TMW/2025_4_TMW/B7FT7SL1_4.jpg,2025_4_TMW,.jpg,399553
TMW/2025_4_TMW/B7FT7SL1_4.xml,2025_4_TMW,.xml,22666113
TMW/2025_4_TMW/B7FT7SL1_4_combined_graphs.jpg,2025_4_TMW,.jpg,360696
TMW/2025_4_TMW/B7FT7SL2_4.jpg,2025_4_TMW,.jpg,364239
TMW/2025_4_TMW/B7FT7SL2_4.xml,2025_4_TMW,.xml,22523399
TMW/2025_4_TMW/B7FT7SL2_4_combined_graphs.jpg,2025_4_TMW,.jpg,413532
TMW/2025_4_TMW/B7FT7SL3_4.jpg,2025_4_TMW,.jpg,335231
TMW/2025_4_TMW/B7FT7SL3_4.xml,2025_4_TMW,.xml,22911533
TMW/2025_4_TMW/B7FT7SL3_4_combined_graphs.jpg,2025_4_TMW,.jpg,395669
TMW/2025_4_TMW/B7FT7SL3_5.jpg,2025_4_TMW,.jpg,337640
TMW/2025_4_TMW/B7FT7SL3_5.xml,2025_4_TMW,.xml,22397282
TMW/2025_4_TMW/B7FT7SL3_5_combined_graphs.jpg,2025_4_TMW,.jpg,381959
TMW/2025_4_TMW/B7FT7SL3_6.jpg,2025_4_TMW,.jpg,329478
TMW/2025_4_TMW/B7FT7SL3_6.xml,2025_4_TMW,.xml,22664197
TMW/2025_4_TMW/B7FT7SL3_6_combined_graphs.jpg,2025_4_TMW,.jpg,378720
TMW/2025_4_TMW/B7FT7SL4_4.jpg,2025_4_TMW,.jpg,472511
TMW/2025_4_TMW/B7FT7SL4_4.xml,2025_4_TMW,.xml,22904876
TMW/2025_4_TMW/B7FT7SL4_4_combined_graphs.jpg,2025_4_TMW,.jpg,403261
TMW/2025_4_TMW/B7FT7SL4_5.jpg,2025_4_TMW,.jpg,478067
TMW/2025_4_TMW/B7FT7SL4_5.xml,2025_4_TMW,.xml,22927921
TMW/2025_4_TMW/B7FT7SL4_5_combined_graphs.jpg,2025_4_TMW,.jpg,407634
TMW/2025_4_TMW/B7FT7SL4_6.jpg,2025_4_TMW,.jpg,355710
TMW/2025_4_TMW/B7FT7SL4_6.xml,2025_4_TMW,.xml,22932295
TMW/2025_4_TMW/B7FT7SL4_6_combined_graphs.jpg,2025_4_TMW,.jpg,411092
TMW/2025_4_TMW/B7FT7SL5_4.jpg,2025_4_TMW,.jpg,444656
TMW/2025_4_TMW/B7FT7SL5_4.xml,2025_4_TMW,.xml,22829799
TMW/2025_4_TMW/B7FT7SL5_4_combined_graphs.jpg,2025_4_TMW,.jpg,395359
TMW/2025_4_TMW/B7FT7SL5_5.jpg,2025_4_TMW,.jpg,470907
TMW/2025_4_TMW/B7FT7SL5_5.xml,2025_4_TMW,.xml,22921547
TMW/2025_4_TMW/B7FT7SL5_5_combined_graphs.jpg,2025_4_TMW,.jpg,382935
TMW/2025_4_TMW/B7FT7SL6_1.jpg,2025_4_TMW,.jpg,358933
TMW/2025_4_TMW/B7FT7SL6_1.xml,2025_4_TMW,.xml,22487119
TMW/2025_4_TMW/B7FT7SL6_1_combined_graphs.jpg,2025_4_TMW,.jpg,402363
TMW/2025_4_TMW/B7FT7SL6_2.jpg,2025_4_TMW,.jpg,360891
TMW/2025_4_TMW/B7FT7SL6_2.xml,2025_4_TMW,.xml,22669725
TMW/2025_4_TMW/B7FT7SL6_2_combined_graphs.jpg,2025_4_TMW,.jpg,420433
TMW/2025_4_TMW/B7FT7SL7_1.jpg,2025_4_TMW,.jpg,341431
TMW/2025_4_TMW/B7FT7SL7_1.xml,2025_4_TMW,.xml,22500950
TMW/2025_4_TMW/B7FT7SL7_1_combined_graphs.jpg,2025_4_TMW,.jpg,403087
TMW/2025_4_TMW/B7FT7SL8_1.jpg,2025_4_TMW,.jpg,380846
TMW/2025_4_TMW/B7FT7SL8_1.xml,2025_4_TMW,.xml,22672651
TMW/2025_4_TMW/B7FT7SL8_1_combined_graphs.jpg,2025_4_TMW,.jpg,422869
TMW/2025_4_TMW/B7FT7SL9_1.jpg,2025_4_TMW,.jpg,356739
TMW/2025_4_TMW/B7FT7SL9_1.xml,2025_4_TMW,.xml,22655194
TMW/2025_4_TMW/B7FT7SL9_1_combined_graphs.jpg,2025_4_TMW,.jpg,393082
TMW/2025_4_TMW/ID_dictionary.xlsx,2025_4_TMW,.xlsx,9080
TMW/2025_4_TMW/mapping.xlsx,2025_4_TMW,.xlsx,11263
TMW/2025_4_TMW/start_weld_overrides.json,2025_4_TMW,.json,1342
TMW/2025_4_TMW/TMW1225.py,2025_4_TMW,.py,29112
TMW/2025_4_TMW/TMW2026.py,2025_4_TMW,.py,49742
TMW/2025_4_TMW/TMW_summary.xlsx,2025_4_TMW,.xlsx,12586
TMW/2026_1_7_TMW/B6F0SL_35.jpg,2026_1_7_TMW,.jpg,442715
TMW/2026_1_7_TMW/B6F0SL_35.xml,2026_1_7_TMW,.xml,11862054
TMW/2026_1_7_TMW/B6F0SL_35_combined_graphs.jpg,2026_1_7_TMW,.jpg,357346
TMW/2026_1_7_TMW/B6F5SL_31.jpg,2026_1_7_TMW,.jpg,401506
TMW/2026_1_7_TMW/B6F5SL_31.xml,2026_1_7_TMW,.xml,11711413
TMW/2026_1_7_TMW/B6F5SL_31_combined_graphs.jpg,2026_1_7_TMW,.jpg,425947
TMW/2026_1_7_TMW/B6F5SL_32.jpg,2026_1_7_TMW,.jpg,358365
TMW/2026_1_7_TMW/B6F5SL_32.xml,2026_1_7_TMW,.xml,11547974
TMW/2026_1_7_TMW/B6F5SL_32_combined_graphs.jpg,2026_1_7_TMW,.jpg,384228
TMW/2026_1_7_TMW/B6F5SL_33.jpg,2026_1_7_TMW,.jpg,357153
TMW/2026_1_7_TMW/B6F5SL_33.xml,2026_1_7_TMW,.xml,11491894
TMW/2026_1_7_TMW/B6F5SL_33_combined_graphs.jpg,2026_1_7_TMW,.jpg,387459
TMW/2026_1_7_TMW/B7F5SL_29.jpg,2026_1_7_TMW,.jpg,357819
TMW/2026_1_7_TMW/B7F5SL_29.xml,2026_1_7_TMW,.xml,11450948
TMW/2026_1_7_TMW/B7F5SL_29_combined_graphs.jpg,2026_1_7_TMW,.jpg,365078
TMW/2026_1_7_TMW/B7F5SL_30.jpg,2026_1_7_TMW,.jpg,354972
TMW/2026_1_7_TMW/B7F5SL_30.xml,2026_1_7_TMW,.xml,11514331
TMW/2026_1_7_TMW/B7F5SL_30_combined_graphs.jpg,2026_1_7_TMW,.jpg,374504
TMW/2026_1_7_TMW/ID_dictionary.xlsx,2026_1_7_TMW,.xlsx,9080
TMW/2026_1_7_TMW/Parameters_B6F0SL_34.xml,2026_1_7_TMW,.xml,774
TMW/2026_1_7_TMW/Parameters_B6F0SL_35.xml,2026_1_7_TMW,.xml,774
TMW/2026_1_7_TMW/Parameters_B6F0SL_36.xml,2026_1_7_TMW,.xml,774
TMW/2026_1_7_TMW/Parameters_B6F5SL_31.xml,2026_1_7_TMW,.xml,774
TMW/2026_1_7_TMW/Parameters_B6F5SL_32.xml,2026_1_7_TMW,.xml,774
TMW/2026_1_7_TMW/Parameters_B6F5SL_33.xml,2026_1_7_TMW,.xml,773
TMW/2026_1_7_TMW/Parameters_B7F5SL_29.xml,2026_1_7_TMW,.xml,774
TMW/2026_1_7_TMW/Parameters_B7F5SL_30.xml,2026_1_7_TMW,.xml,773
TMW/2026_1_7_TMW/TMW1225.py,2026_1_7_TMW,.py,32035
TMW/2026_1_7_TMW/TMW2026.py,2026_1_7_TMW,.py,49742
TMW/2026_1_7_TMW/TMW_summary.xlsx,2026_1_7_TMW,.xlsx,6452
TMW/2026_2_22_TMCA/B6F0SL_4.jpg,2026_2_22_TMCA,.jpg,317114
TMW/2026_2_22_TMCA/B6F0SL_4.xml,2026_2_22_TMCA,.xml,11776823
TMW/2026_2_22_TMCA/B6F0SL_4_metrics.json,2026_2_22_TMCA,.json,1716
TMW/2026_2_22_TMCA/B6F0SL_4_time_series.jpg,2026_2_22_TMCA,.jpg,271257
TMW/2026_2_22_TMCA/B6F0SL_4_vel_vs_load.jpg,2026_2_22_TMCA,.jpg,212249
TMW/2026_2_22_TMCA/B7F0SL_16.jpg,2026_2_22_TMCA,.jpg,311986
TMW/2026_2_22_TMCA/B7F0SL_16.xml,2026_2_22_TMCA,.xml,11780619
TMW/2026_2_22_TMCA/B7F0SL_16_metrics.json,2026_2_22_TMCA,.json,1706
TMW/2026_2_22_TMCA/B7F0SL_16_time_series.jpg,2026_2_22_TMCA,.jpg,272093
TMW/2026_2_22_TMCA/B7F0SL_16_vel_vs_load.jpg,2026_2_22_TMCA,.jpg,207685
TMW/2026_2_22_TMCA/B7F0SL_17.jpg,2026_2_22_TMCA,.jpg,275518
TMW/2026_2_22_TMCA/B7F0SL_17.xml,2026_2_22_TMCA,.xml,11372457
TMW/2026_2_22_TMCA/B7F0SL_17_metrics.json,2026_2_22_TMCA,.json,1691
TMW/2026_2_22_TMCA/B7F0SL_17_time_series.jpg,2026_2_22_TMCA,.jpg,265865
TMW/2026_2_22_TMCA/B7F0SL_17_vel_vs_load.jpg,2026_2_22_TMCA,.jpg,155320
TMW/2026_2_22_TMCA/ID_dictionary.xlsx,2026_2_22_TMCA,.xlsx,9080
TMW/2026_2_22_TMCA/mapping.xlsx,2026_2_22_TMCA,.xlsx,10869
TMW/2026_2_22_TMCA/Parameters_B6F0SL_4.xml,2026_2_22_TMCA,.xml,797
TMW/2026_2_22_TMCA/Parameters_B7F0SL_16.xml,2026_2_22_TMCA,.xml,797
TMW/2026_2_22_TMCA/Parameters_B7F0SL_17.xml,2026_2_22_TMCA,.xml,799
TMW/2026_2_22_TMCA/Parameters_TMCA_3.xml,2026_2_22_TMCA,.xml,797
TMW/2026_2_22_TMCA/TMCA_3.jpg,2026_2_22_TMCA,.jpg,324849
TMW/2026_2_22_TMCA/TMCA_3.xml,2026_2_22_TMCA,.xml,12071086
TMW/2026_2_22_TMCA/TMCA_3_metrics.json,2026_2_22_TMCA,.json,1640
TMW/2026_2_22_TMCA/TMCA_3_time_series.jpg,2026_2_22_TMCA,.jpg,252885
TMW/2026_2_22_TMCA/TMCA_3_vel_vs_load.jpg,2026_2_22_TMCA,.jpg,189056
TMW/2026_2_22_TMCA/TMCA_Capture.PNG,2026_2_22_TMCA,.png,78137
TMW/2026_2_22_TMCA/TMW_summary.xlsx,2026_2_22_TMCA,.xlsx,7404
TMW/2026_2_22_TMW/B6F0SL_10.jpg,2026_2_22_TMW,.jpg,417200
TMW/2026_2_22_TMW/B6F0SL_10.xml,2026_2_22_TMW,.xml,11809158
TMW/2026_2_22_TMW/B6F0SL_10_combined_graphs.jpg,2026_2_22_TMW,.jpg,374321
TMW/2026_2_22_TMW/B6F0SL_11.jpg,2026_2_22_TMW,.jpg,413147
TMW/2026_2_22_TMW/B6F0SL_11.xml,2026_2_22_TMW,.xml,11777386
TMW/2026_2_22_TMW/B6F0SL_11_combined_graphs.jpg,2026_2_22_TMW,.jpg,380952
TMW/2026_2_22_TMW/B6F0SL_12.jpg,2026_2_22_TMW,.jpg,183117
TMW/2026_2_22_TMW/B6F0SL_12.xml,2026_2_22_TMW,.xml,10939130
TMW/2026_2_22_TMW/B6F0SL_12_combined_graphs.jpg,2026_2_22_TMW,.jpg,347560
TMW/2026_2_22_TMW/B6F0SL_5.jpg,2026_2_22_TMW,.jpg,197778
TMW/2026_2_22_TMW/B6F0SL_5.xml,2026_2_22_TMW,.xml,10939060
TMW/2026_2_22_TMW/B6F0SL_5_combined_graphs.jpg,2026_2_22_TMW,.jpg,351197
TMW/2026_2_22_TMW/B6F0SL_6.jpg,2026_2_22_TMW,.jpg,202183
TMW/2026_2_22_TMW/B6F0SL_6.xml,2026_2_22_TMW,.xml,10939135
TMW/2026_2_22_TMW/B6F0SL_6_combined_graphs.jpg,2026_2_22_TMW,.jpg,328733
TMW/2026_2_22_TMW/B6F0SL_7.jpg,2026_2_22_TMW,.jpg,190268
TMW/2026_2_22_TMW/B6F0SL_7.xml,2026_2_22_TMW,.xml,10939104
TMW/2026_2_22_TMW/B6F0SL_7_combined_graphs.jpg,2026_2_22_TMW,.jpg,340164
TMW/2026_2_22_TMW/B6F0SL_8.jpg,2026_2_22_TMW,.jpg,178873
TMW/2026_2_22_TMW/B6F0SL_8.xml,2026_2_22_TMW,.xml,10939131
TMW/2026_2_22_TMW/B6F0SL_8_combined_graphs.jpg,2026_2_22_TMW,.jpg,336126
TMW/2026_2_22_TMW/B6F0SL_9.jpg,2026_2_22_TMW,.jpg,197282
TMW/2026_2_22_TMW/B6F0SL_9.xml,2026_2_22_TMW,.xml,10939129
TMW/2026_2_22_TMW/B6F0SL_9_combined_graphs.jpg,2026_2_22_TMW,.jpg,419481
TMW/2026_2_22_TMW/B7F0SL_13.jpg,2026_2_22_TMW,.jpg,382248
TMW/2026_2_22_TMW/B7F0SL_13.xml,2026_2_22_TMW,.xml,11669780
TMW/2026_2_22_TMW/B7F0SL_13_combined_graphs.jpg,2026_2_22_TMW,.jpg,440856
TMW/2026_2_22_TMW/B7F0SL_14.jpg,2026_2_22_TMW,.jpg,353009
TMW/2026_2_22_TMW/B7F0SL_14.xml,2026_2_22_TMW,.xml,11534496
TMW/2026_2_22_TMW/B7F0SL_14_combined_graphs.jpg,2026_2_22_TMW,.jpg,411415
TMW/2026_2_22_TMW/B7F0SL_15.jpg,2026_2_22_TMW,.jpg,187361
TMW/2026_2_22_TMW/B7F0SL_15.xml,2026_2_22_TMW,.xml,10939078
TMW/2026_2_22_TMW/B7F0SL_15_combined_graphs.jpg,2026_2_22_TMW,.jpg,353331
TMW/2026_2_22_TMW/ID_dictionary.xlsx,2026_2_22_TMW,.xlsx,9080
TMW/2026_2_22_TMW/mapping.xlsx,2026_2_22_TMW,.xlsx,10875
TMW/2026_2_22_TMW/Parameters_B6F0SL_10.xml,2026_2_22_TMW,.xml,817
TMW/2026_2_22_TMW/Parameters_B6F0SL_11.xml,2026_2_22_TMW,.xml,802
TMW/2026_2_22_TMW/Parameters_B6F0SL_12.xml,2026_2_22_TMW,.xml,802
TMW/2026_2_22_TMW/Parameters_B6F0SL_5.xml,2026_2_22_TMW,.xml,801
TMW/2026_2_22_TMW/Parameters_B6F0SL_6.xml,2026_2_22_TMW,.xml,811
TMW/2026_2_22_TMW/Parameters_B6F0SL_7.xml,2026_2_22_TMW,.xml,814
TMW/2026_2_22_TMW/Parameters_B6F0SL_8.xml,2026_2_22_TMW,.xml,814
TMW/2026_2_22_TMW/Parameters_B6F0SL_9.xml,2026_2_22_TMW,.xml,802
TMW/2026_2_22_TMW/Parameters_B7F0SL_13.xml,2026_2_22_TMW,.xml,815
TMW/2026_2_22_TMW/Parameters_B7F0SL_14.xml,2026_2_22_TMW,.xml,812
TMW/2026_2_22_TMW/Parameters_B7F0SL_15.xml,2026_2_22_TMW,.xml,814
TMW/2026_2_22_TMW/Parameters_test_2.xml,2026_2_22_TMW,.xml,788
TMW/2026_2_22_TMW/test_2.jpg,2026_2_22_TMW,.jpg,202200
TMW/2026_2_22_TMW/test_2.xml,2026_2_22_TMW,.xml,10939108
TMW/2026_2_22_TMW/test_2_combined_graphs.jpg,2026_2_22_TMW,.jpg,324613
TMW/2026_2_22_TMW/TMW1225.py,2026_2_22_TMW,.py,29015
TMW/2026_2_22_TMW/TMW2026.py,2026_2_22_TMW,.py,48878
TMW/2026_2_22_TMW/TMW_summary.xlsx,2026_2_22_TMW,.xlsx,5425
TMW/2026_2_26_TMCA/B6F0SL_22.jpg,2026_2_26_TMCA,.jpg,331723
TMW/2026_2_26_TMCA/B6F0SL_22.xml,2026_2_26_TMCA,.xml,11775609
TMW/2026_2_26_TMCA/B6F0SL_22_metrics.json,2026_2_26_TMCA,.json,1694
TMW/2026_2_26_TMCA/B6F0SL_22_time_series.jpg,2026_2_26_TMCA,.jpg,270440
TMW/2026_2_26_TMCA/B6F0SL_22_vel_vs_load.jpg,2026_2_26_TMCA,.jpg,210223
TMW/2026_2_26_TMCA/B6F0SL_23.jpg,2026_2_26_TMCA,.jpg,318510
TMW/2026_2_26_TMCA/B6F0SL_23.xml,2026_2_26_TMCA,.xml,11762610
TMW/2026_2_26_TMCA/B6F0SL_23_metrics.json,2026_2_26_TMCA,.json,1749
TMW/2026_2_26_TMCA/B6F0SL_23_time_series.jpg,2026_2_26_TMCA,.jpg,267527
TMW/2026_2_26_TMCA/B6F0SL_23_vel_vs_load.jpg,2026_2_26_TMCA,.jpg,199822
TMW/2026_2_26_TMCA/B6F0SL_9.jpg,2026_2_26_TMCA,.jpg,373649
TMW/2026_2_26_TMCA/B6F0SL_9.xml,2026_2_26_TMCA,.xml,11790769
TMW/2026_2_26_TMCA/B6F0SL_9_metrics.json,2026_2_26_TMCA,.json,1745
TMW/2026_2_26_TMCA/B6F0SL_9_time_series.jpg,2026_2_26_TMCA,.jpg,265102
TMW/2026_2_26_TMCA/B6F0SL_9_vel_vs_load.jpg,2026_2_26_TMCA,.jpg,210186
TMW/2026_2_26_TMCA/B6F5SL_25.jpg,2026_2_26_TMCA,.jpg,320657
TMW/2026_2_26_TMCA/B6F5SL_25.xml,2026_2_26_TMCA,.xml,11769444
TMW/2026_2_26_TMCA/B6F5SL_25_metrics.json,2026_2_26_TMCA,.json,1755
TMW/2026_2_26_TMCA/B6F5SL_25_time_series.jpg,2026_2_26_TMCA,.jpg,273130
TMW/2026_2_26_TMCA/B6F5SL_25_vel_vs_load.jpg,2026_2_26_TMCA,.jpg,202855
TMW/2026_2_26_TMCA/B6F5SL_26.jpg,2026_2_26_TMCA,.jpg,322899
TMW/2026_2_26_TMCA/B6F5SL_26.xml,2026_2_26_TMCA,.xml,11781632
TMW/2026_2_26_TMCA/B6F5SL_26_metrics.json,2026_2_26_TMCA,.json,1724
TMW/2026_2_26_TMCA/B6F5SL_26_time_series.jpg,2026_2_26_TMCA,.jpg,270470
TMW/2026_2_26_TMCA/B6F5SL_26_vel_vs_load.jpg,2026_2_26_TMCA,.jpg,216962
TMW/2026_2_26_TMCA/B6F5SL_3.jpg,2026_2_26_TMCA,.jpg,312984
TMW/2026_2_26_TMCA/B6F5SL_3.xml,2026_2_26_TMCA,.xml,11780230
TMW/2026_2_26_TMCA/B6F5SL_3_metrics.json,2026_2_26_TMCA,.json,1751
TMW/2026_2_26_TMCA/B6F5SL_3_time_series.jpg,2026_2_26_TMCA,.jpg,270564
TMW/2026_2_26_TMCA/B6F5SL_3_vel_vs_load.jpg,2026_2_26_TMCA,.jpg,197460
TMW/2026_2_26_TMCA/ID_dictionary.xlsx,2026_2_26_TMCA,.xlsx,8961
TMW/2026_2_26_TMCA/mapping.xlsx,2026_2_26_TMCA,.xlsx,9183
TMW/2026_2_26_TMCA/Parameters_B6F0SL_22.xml,2026_2_26_TMCA,.xml,797
TMW/2026_2_26_TMCA/Parameters_B6F0SL_23.xml,2026_2_26_TMCA,.xml,797
TMW/2026_2_26_TMCA/Parameters_B6F0SL_9.xml,2026_2_26_TMCA,.xml,797
TMW/2026_2_26_TMCA/Parameters_B6F5SL_25.xml,2026_2_26_TMCA,.xml,797
TMW/2026_2_26_TMCA/Parameters_B6F5SL_26.xml,2026_2_26_TMCA,.xml,797
TMW/2026_2_26_TMCA/Parameters_test_2.xml,2026_2_26_TMCA,.xml,797
TMW/2026_2_26_TMCA/start_weld_overrides.json,2026_2_26_TMCA,.json,185
TMW/2026_2_26_TMCA/test_2.jpg,2026_2_26_TMCA,.jpg,343754
TMW/2026_2_26_TMCA/test_2.xml,2026_2_26_TMCA,.xml,11764391
TMW/2026_2_26_TMCA/test_2_metrics.json,2026_2_26_TMCA,.json,1618
TMW/2026_2_26_TMCA/test_2_time_series.jpg,2026_2_26_TMCA,.jpg,250679
TMW/2026_2_26_TMCA/test_2_vel_vs_load.jpg,2026_2_26_TMCA,.jpg,209299
TMW/2026_2_26_TMCA/TMW_summary.xlsx,2026_2_26_TMCA,.xlsx,6025
TMW/2026_2_26_TMW/B6F0SL_10.jpg,2026_2_26_TMW,.jpg,395943
TMW/2026_2_26_TMW/B6F0SL_10.xml,2026_2_26_TMW,.xml,11741828
TMW/2026_2_26_TMW/B6F0SL_10_combined_graphs.jpg,2026_2_26_TMW,.jpg,357135
TMW/2026_2_26_TMW/B6F0SL_15.jpg,2026_2_26_TMW,.jpg,390987
TMW/2026_2_26_TMW/B6F0SL_15.xml,2026_2_26_TMW,.xml,11693526
TMW/2026_2_26_TMW/B6F0SL_15_combined_graphs.jpg,2026_2_26_TMW,.jpg,439827
TMW/2026_2_26_TMW/B6F0SL_16.jpg,2026_2_26_TMW,.jpg,359726
TMW/2026_2_26_TMW/B6F0SL_16.xml,2026_2_26_TMW,.xml,11529329
TMW/2026_2_26_TMW/B6F0SL_16_combined_graphs.jpg,2026_2_26_TMW,.jpg,407222
TMW/2026_2_26_TMW/B6F0SL_17.jpg,2026_2_26_TMW,.jpg,461578
TMW/2026_2_26_TMW/B6F0SL_17.xml,2026_2_26_TMW,.xml,11876030
TMW/2026_2_26_TMW/B6F0SL_17_combined_graphs.jpg,2026_2_26_TMW,.jpg,387482
TMW/2026_2_26_TMW/B6F0SL_18.jpg,2026_2_26_TMW,.jpg,461349
TMW/2026_2_26_TMW/B6F0SL_18.xml,2026_2_26_TMW,.xml,11914137
TMW/2026_2_26_TMW/B6F0SL_18_combined_graphs.jpg,2026_2_26_TMW,.jpg,387659
TMW/2026_2_26_TMW/B6F0SL_19.jpg,2026_2_26_TMW,.jpg,456816
TMW/2026_2_26_TMW/B6F0SL_19.xml,2026_2_26_TMW,.xml,11911410
TMW/2026_2_26_TMW/B6F0SL_19_combined_graphs.jpg,2026_2_26_TMW,.jpg,396000
TMW/2026_2_26_TMW/B6F0SL_20.jpg,2026_2_26_TMW,.jpg,361671
TMW/2026_2_26_TMW/B6F0SL_20.xml,2026_2_26_TMW,.xml,11543430
TMW/2026_2_26_TMW/B6F0SL_20_combined_graphs.jpg,2026_2_26_TMW,.jpg,422197
TMW/2026_2_26_TMW/B6F0SL_21.jpg,2026_2_26_TMW,.jpg,456619
TMW/2026_2_26_TMW/B6F0SL_21.xml,2026_2_26_TMW,.xml,11899117
TMW/2026_2_26_TMW/B6F0SL_21_combined_graphs.jpg,2026_2_26_TMW,.jpg,396072
TMW/2026_2_26_TMW/B6F0SL_24.jpg,2026_2_26_TMW,.jpg,359550
TMW/2026_2_26_TMW/B6F0SL_24.xml,2026_2_26_TMW,.xml,11537829
TMW/2026_2_26_TMW/B6F0SL_24_combined_graphs.jpg,2026_2_26_TMW,.jpg,403030
TMW/2026_2_26_TMW/B6F5SL_10.jpg,2026_2_26_TMW,.jpg,349673
TMW/2026_2_26_TMW/B6F5SL_10.xml,2026_2_26_TMW,.xml,11437700
TMW/2026_2_26_TMW/B6F5SL_10_combined_graphs.jpg,2026_2_26_TMW,.jpg,394597
TMW/2026_2_26_TMW/B6F5SL_11.jpg,2026_2_26_TMW,.jpg,332830
TMW/2026_2_26_TMW/B6F5SL_11.xml,2026_2_26_TMW,.xml,11381407
TMW/2026_2_26_TMW/B6F5SL_11_combined_graphs.jpg,2026_2_26_TMW,.jpg,396118
TMW/2026_2_26_TMW/B6F5SL_4.jpg,2026_2_26_TMW,.jpg,355366
TMW/2026_2_26_TMW/B6F5SL_4.xml,2026_2_26_TMW,.xml,11536224
TMW/2026_2_26_TMW/B6F5SL_4_combined_graphs.jpg,2026_2_26_TMW,.jpg,407982
TMW/2026_2_26_TMW/B6F5SL_5.jpg,2026_2_26_TMW,.jpg,343400
TMW/2026_2_26_TMW/B6F5SL_5.xml,2026_2_26_TMW,.xml,11446154
TMW/2026_2_26_TMW/B6F5SL_5_combined_graphs.jpg,2026_2_26_TMW,.jpg,385702
TMW/2026_2_26_TMW/B6F5SL_6.jpg,2026_2_26_TMW,.jpg,459804
TMW/2026_2_26_TMW/B6F5SL_6.xml,2026_2_26_TMW,.xml,11867096
TMW/2026_2_26_TMW/B6F5SL_6_combined_graphs.jpg,2026_2_26_TMW,.jpg,385192
TMW/2026_2_26_TMW/B6F5SL_7.jpg,2026_2_26_TMW,.jpg,336923
TMW/2026_2_26_TMW/B6F5SL_7.xml,2026_2_26_TMW,.xml,11429359
TMW/2026_2_26_TMW/B6F5SL_7_combined_graphs.jpg,2026_2_26_TMW,.jpg,387332
TMW/2026_2_26_TMW/B6F5SL_8.jpg,2026_2_26_TMW,.jpg,397626
TMW/2026_2_26_TMW/B6F5SL_8.xml,2026_2_26_TMW,.xml,11642185
TMW/2026_2_26_TMW/B6F5SL_8_combined_graphs.jpg,2026_2_26_TMW,.jpg,449851
TMW/2026_2_26_TMW/B6F5SL_9.jpg,2026_2_26_TMW,.jpg,459678
TMW/2026_2_26_TMW/B6F5SL_9.xml,2026_2_26_TMW,.xml,11884536
TMW/2026_2_26_TMW/B6F5SL_9_combined_graphs.jpg,2026_2_26_TMW,.jpg,389743
TMW/2026_2_26_TMW/ID_dictionary.xlsx,2026_2_26_TMW,.xlsx,9080
TMW/2026_2_26_TMW/mapping.xlsx,2026_2_26_TMW,.xlsx,11160
TMW/2026_2_26_TMW/Parameters_B6F0SL_10.xml,2026_2_26_TMW,.xml,801
TMW/2026_2_26_TMW/Parameters_B6F0SL_15.xml,2026_2_26_TMW,.xml,801
TMW/2026_2_26_TMW/Parameters_B6F0SL_16.xml,2026_2_26_TMW,.xml,814
TMW/2026_2_26_TMW/Parameters_B6F0SL_17.xml,2026_2_26_TMW,.xml,814
TMW/2026_2_26_TMW/Parameters_B6F0SL_18.xml,2026_2_26_TMW,.xml,802
TMW/2026_2_26_TMW/Parameters_B6F0SL_19.xml,2026_2_26_TMW,.xml,817
TMW/2026_2_26_TMW/Parameters_B6F0SL_20.xml,2026_2_26_TMW,.xml,816
TMW/2026_2_26_TMW/Parameters_B6F0SL_21.xml,2026_2_26_TMW,.xml,805
TMW/2026_2_26_TMW/Parameters_B6F0SL_24.xml,2026_2_26_TMW,.xml,817
TMW/2026_2_26_TMW/Parameters_B6F5SL_10.xml,2026_2_26_TMW,.xml,816
TMW/2026_2_26_TMW/Parameters_B6F5SL_11.xml,2026_2_26_TMW,.xml,817
TMW/2026_2_26_TMW/Parameters_B6F5SL_3.xml,2026_2_26_TMW,.xml,797
TMW/2026_2_26_TMW/Parameters_B6F5SL_4.xml,2026_2_26_TMW,.xml,802
TMW/2026_2_26_TMW/Parameters_B6F5SL_5.xml,2026_2_26_TMW,.xml,815
TMW/2026_2_26_TMW/Parameters_B6F5SL_6.xml,2026_2_26_TMW,.xml,815
TMW/2026_2_26_TMW/Parameters_B6F5SL_7.xml,2026_2_26_TMW,.xml,801
TMW/2026_2_26_TMW/Parameters_B6F5SL_8.xml,2026_2_26_TMW,.xml,817
TMW/2026_2_26_TMW/Parameters_B6F5SL_9.xml,2026_2_26_TMW,.xml,816
TMW/2026_2_26_TMW/start_weld_overrides.json,2026_2_26_TMW,.json,605
TMW/2026_2_26_TMW/TMW 1200N.PNG,2026_2_26_TMW,.png,89986
TMW/2026_2_26_TMW/TMW2026.py,2026_2_26_TMW,.py,49742
TMW/2026_2_26_TMW/TMW_summary.xlsx,2026_2_26_TMW,.xlsx,8469
TMW/2026_3_15_TMCA/B7F0SL_2.jpg,2026_3_15_TMCA,.jpg,327094
TMW/2026_3_15_TMCA/B7F0SL_2.xml,2026_3_15_TMCA,.xml,11784454
TMW/2026_3_15_TMCA/B7F0SL_2_metrics.json,2026_3_15_TMCA,.json,1720
TMW/2026_3_15_TMCA/B7F0SL_2_time_series.jpg,2026_3_15_TMCA,.jpg,273450
TMW/2026_3_15_TMCA/B7F0SL_2_vel_vs_load.jpg,2026_3_15_TMCA,.jpg,223337
TMW/2026_3_15_TMCA/B7F0SL_3.jpg,2026_3_15_TMCA,.jpg,318235
TMW/2026_3_15_TMCA/B7F0SL_3.xml,2026_3_15_TMCA,.xml,11778343
TMW/2026_3_15_TMCA/B7F0SL_3_metrics.json,2026_3_15_TMCA,.json,1766
TMW/2026_3_15_TMCA/B7F0SL_3_time_series.jpg,2026_3_15_TMCA,.jpg,276409
TMW/2026_3_15_TMCA/B7F0SL_3_vel_vs_load.jpg,2026_3_15_TMCA,.jpg,201698
TMW/2026_3_15_TMCA/B7F0SL_4.jpg,2026_3_15_TMCA,.jpg,318148
TMW/2026_3_15_TMCA/B7F0SL_4.xml,2026_3_15_TMCA,.xml,11771760
TMW/2026_3_15_TMCA/B7F0SL_4_metrics.json,2026_3_15_TMCA,.json,1756
TMW/2026_3_15_TMCA/B7F0SL_4_time_series.jpg,2026_3_15_TMCA,.jpg,262321
TMW/2026_3_15_TMCA/B7F0SL_4_vel_vs_load.jpg,2026_3_15_TMCA,.jpg,200819
TMW/2026_3_15_TMCA/B7F0SL_5.jpg,2026_3_15_TMCA,.jpg,320056
TMW/2026_3_15_TMCA/B7F0SL_5.xml,2026_3_15_TMCA,.xml,11788018
TMW/2026_3_15_TMCA/B7F0SL_5_metrics.json,2026_3_15_TMCA,.json,1777
TMW/2026_3_15_TMCA/B7F0SL_5_time_series.jpg,2026_3_15_TMCA,.jpg,264527
TMW/2026_3_15_TMCA/B7F0SL_5_vel_vs_load.jpg,2026_3_15_TMCA,.jpg,207187
TMW/2026_3_15_TMCA/B7F0SL_6.jpg,2026_3_15_TMCA,.jpg,318630
TMW/2026_3_15_TMCA/B7F0SL_6.xml,2026_3_15_TMCA,.xml,11779227
TMW/2026_3_15_TMCA/B7F0SL_6_metrics.json,2026_3_15_TMCA,.json,1731
TMW/2026_3_15_TMCA/B7F0SL_6_time_series.jpg,2026_3_15_TMCA,.jpg,269862
TMW/2026_3_15_TMCA/B7F0SL_6_vel_vs_load.jpg,2026_3_15_TMCA,.jpg,200740
TMW/2026_3_15_TMCA/B7F0SL_7.jpg,2026_3_15_TMCA,.jpg,318096
TMW/2026_3_15_TMCA/B7F0SL_7.xml,2026_3_15_TMCA,.xml,11782980
TMW/2026_3_15_TMCA/B7F0SL_7_metrics.json,2026_3_15_TMCA,.json,1743
TMW/2026_3_15_TMCA/B7F0SL_7_time_series.jpg,2026_3_15_TMCA,.jpg,275721
TMW/2026_3_15_TMCA/B7F0SL_7_vel_vs_load.jpg,2026_3_15_TMCA,.jpg,207777
TMW/2026_3_15_TMCA/B7F5SL_10.jpg,2026_3_15_TMCA,.jpg,326631
TMW/2026_3_15_TMCA/B7F5SL_10.xml,2026_3_15_TMCA,.xml,11789318
TMW/2026_3_15_TMCA/B7F5SL_10_metrics.json,2026_3_15_TMCA,.json,1741
TMW/2026_3_15_TMCA/B7F5SL_10_time_series.jpg,2026_3_15_TMCA,.jpg,272130
TMW/2026_3_15_TMCA/B7F5SL_10_vel_vs_load.jpg,2026_3_15_TMCA,.jpg,212137
TMW/2026_3_15_TMCA/B7F5SL_11.jpg,2026_3_15_TMCA,.jpg,320657
TMW/2026_3_15_TMCA/B7F5SL_11.xml,2026_3_15_TMCA,.xml,11769487
TMW/2026_3_15_TMCA/B7F5SL_11_metrics.json,2026_3_15_TMCA,.json,1754
TMW/2026_3_15_TMCA/B7F5SL_11_time_series.jpg,2026_3_15_TMCA,.jpg,274213
TMW/2026_3_15_TMCA/B7F5SL_11_vel_vs_load.jpg,2026_3_15_TMCA,.jpg,199027
TMW/2026_3_15_TMCA/B7F5SL_12.jpg,2026_3_15_TMCA,.jpg,330621
TMW/2026_3_15_TMCA/B7F5SL_12.xml,2026_3_15_TMCA,.xml,11787885
TMW/2026_3_15_TMCA/B7F5SL_12_metrics.json,2026_3_15_TMCA,.json,1774
TMW/2026_3_15_TMCA/B7F5SL_12_time_series.jpg,2026_3_15_TMCA,.jpg,278654
TMW/2026_3_15_TMCA/B7F5SL_12_vel_vs_load.jpg,2026_3_15_TMCA,.jpg,221998
TMW/2026_3_15_TMCA/B7F5SL_13.jpg,2026_3_15_TMCA,.jpg,321858
TMW/2026_3_15_TMCA/B7F5SL_13.xml,2026_3_15_TMCA,.xml,11761200
TMW/2026_3_15_TMCA/B7F5SL_13_metrics.json,2026_3_15_TMCA,.json,1741
TMW/2026_3_15_TMCA/B7F5SL_13_time_series.jpg,2026_3_15_TMCA,.jpg,268004
TMW/2026_3_15_TMCA/B7F5SL_13_vel_vs_load.jpg,2026_3_15_TMCA,.jpg,215186
TMW/2026_3_15_TMCA/B7F5SL_8.jpg,2026_3_15_TMCA,.jpg,324073
TMW/2026_3_15_TMCA/B7F5SL_8.xml,2026_3_15_TMCA,.xml,11764542
TMW/2026_3_15_TMCA/B7F5SL_8_metrics.json,2026_3_15_TMCA,.json,1766
TMW/2026_3_15_TMCA/B7F5SL_8_time_series.jpg,2026_3_15_TMCA,.jpg,267377
TMW/2026_3_15_TMCA/B7F5SL_8_vel_vs_load.jpg,2026_3_15_TMCA,.jpg,224180
TMW/2026_3_15_TMCA/B7F5SL_9.jpg,2026_3_15_TMCA,.jpg,317052
TMW/2026_3_15_TMCA/B7F5SL_9.xml,2026_3_15_TMCA,.xml,11773466
TMW/2026_3_15_TMCA/B7F5SL_9_metrics.json,2026_3_15_TMCA,.json,1735
TMW/2026_3_15_TMCA/B7F5SL_9_time_series.jpg,2026_3_15_TMCA,.jpg,272306
TMW/2026_3_15_TMCA/B7F5SL_9_vel_vs_load.jpg,2026_3_15_TMCA,.jpg,200079
TMW/2026_3_15_TMCA/ctds_manual_overrides.json,2026_3_15_TMCA,.json,6051
TMW/2026_3_15_TMCA/ID_dictionary.xlsx,2026_3_15_TMCA,.xlsx,8803
TMW/2026_3_15_TMCA/mapping.xlsx,2026_3_15_TMCA,.xlsx,9080
TMW/2026_3_15_TMCA/Parameters_B7F0SL_2.xml,2026_3_15_TMCA,.xml,797
TMW/2026_3_15_TMCA/Parameters_B7F0SL_3.xml,2026_3_15_TMCA,.xml,797
TMW/2026_3_15_TMCA/Parameters_B7F0SL_4.xml,2026_3_15_TMCA,.xml,797
TMW/2026_3_15_TMCA/Parameters_B7F0SL_5.xml,2026_3_15_TMCA,.xml,797
TMW/2026_3_15_TMCA/Parameters_B7F0SL_6.xml,2026_3_15_TMCA,.xml,797
TMW/2026_3_15_TMCA/Parameters_B7F0SL_7.xml,2026_3_15_TMCA,.xml,797
TMW/2026_3_15_TMCA/Parameters_B7F5SL_10.xml,2026_3_15_TMCA,.xml,797
TMW/2026_3_15_TMCA/Parameters_B7F5SL_11.xml,2026_3_15_TMCA,.xml,797
TMW/2026_3_15_TMCA/Parameters_B7F5SL_12.xml,2026_3_15_TMCA,.xml,797
TMW/2026_3_15_TMCA/Parameters_B7F5SL_13.xml,2026_3_15_TMCA,.xml,797
TMW/2026_3_15_TMCA/Parameters_B7F5SL_8.xml,2026_3_15_TMCA,.xml,797
TMW/2026_3_15_TMCA/Parameters_B7F5SL_9.xml,2026_3_15_TMCA,.xml,797
TMW/2026_3_15_TMCA/start_weld_overrides.json,2026_3_15_TMCA,.json,328
TMW/2026_3_15_TMCA/TMW_failed_runs.xlsx,2026_3_15_TMCA,.xlsx,5095
TMW/2026_3_15_TMCA/TMW_summary.xlsx,2026_3_15_TMCA,.xlsx,12298
TMW/2026_3_27_TMCA/B6F5SL_14.jpg,2026_3_27_TMCA,.jpg,317268
TMW/2026_3_27_TMCA/B6F5SL_14.xml,2026_3_27_TMCA,.xml,11766560
TMW/2026_3_27_TMCA/B6F5SL_14_metrics.json,2026_3_27_TMCA,.json,1740
TMW/2026_3_27_TMCA/B6F5SL_14_time_series.jpg,2026_3_27_TMCA,.jpg,270864
TMW/2026_3_27_TMCA/B6F5SL_14_vel_vs_load.jpg,2026_3_27_TMCA,.jpg,205268
TMW/2026_3_27_TMCA/B7F0SL_15.jpg,2026_3_27_TMCA,.jpg,318505
TMW/2026_3_27_TMCA/B7F0SL_15.xml,2026_3_27_TMCA,.xml,11778994
TMW/2026_3_27_TMCA/B7F0SL_15_metrics.json,2026_3_27_TMCA,.json,1772
TMW/2026_3_27_TMCA/B7F0SL_15_time_series.jpg,2026_3_27_TMCA,.jpg,267919
TMW/2026_3_27_TMCA/B7F0SL_15_vel_vs_load.jpg,2026_3_27_TMCA,.jpg,198836
TMW/2026_3_27_TMCA/B7F0SL_H_16.jpg,2026_3_27_TMCA,.jpg,316989
TMW/2026_3_27_TMCA/B7F0SL_H_16.xml,2026_3_27_TMCA,.xml,11793534
TMW/2026_3_27_TMCA/B7F0SL_H_16_metrics.json,2026_3_27_TMCA,.json,1720
TMW/2026_3_27_TMCA/B7F0SL_H_16_time_series.jpg,2026_3_27_TMCA,.jpg,270109
TMW/2026_3_27_TMCA/B7F0SL_H_16_vel_vs_load.jpg,2026_3_27_TMCA,.jpg,203090
TMW/2026_3_27_TMCA/B7F0SL_H_17.jpg,2026_3_27_TMCA,.jpg,317901
TMW/2026_3_27_TMCA/B7F0SL_H_17.xml,2026_3_27_TMCA,.xml,11795833
TMW/2026_3_27_TMCA/B7F0SL_H_17_metrics.json,2026_3_27_TMCA,.json,1742
TMW/2026_3_27_TMCA/B7F0SL_H_17_time_series.jpg,2026_3_27_TMCA,.jpg,271002
TMW/2026_3_27_TMCA/B7F0SL_H_17_vel_vs_load.jpg,2026_3_27_TMCA,.jpg,196840
TMW/2026_3_27_TMCA/ctds_manual_overrides.json,2026_3_27_TMCA,.json,3023
TMW/2026_3_27_TMCA/ID_dictionary.xlsx,2026_3_27_TMCA,.xlsx,8803
TMW/2026_3_27_TMCA/mapping.xlsx,2026_3_27_TMCA,.xlsx,8792
TMW/2026_3_27_TMCA/Parameters_B6F5SL_14.xml,2026_3_27_TMCA,.xml,797
TMW/2026_3_27_TMCA/Parameters_B7F0SL_15.xml,2026_3_27_TMCA,.xml,797
TMW/2026_3_27_TMCA/Parameters_B7F0SL_H_17.xml,2026_3_27_TMCA,.xml,797
TMW/2026_3_27_TMCA/Parameters_B7F0SL__H_16.xml,2026_3_27_TMCA,.xml,797
TMW/2026_3_27_TMCA/Parameters_spring_10.xml,2026_3_27_TMCA,.xml,797
TMW/2026_3_27_TMCA/Parameters_spring_11.xml,2026_3_27_TMCA,.xml,796
TMW/2026_3_27_TMCA/Parameters_spring_12.xml,2026_3_27_TMCA,.xml,796
TMW/2026_3_27_TMCA/Parameters_spring_6.xml,2026_3_27_TMCA,.xml,797
TMW/2026_3_27_TMCA/Parameters_spring_7.xml,2026_3_27_TMCA,.xml,797
TMW/2026_3_27_TMCA/Parameters_spring_8.xml,2026_3_27_TMCA,.xml,797
TMW/2026_3_27_TMCA/Parameters_spring_9.xml,2026_3_27_TMCA,.xml,797
TMW/2026_3_27_TMCA/spring.PNG,2026_3_27_TMCA,.png,67859
TMW/2026_3_27_TMCA/spring_10.jpg,2026_3_27_TMCA,.jpg,264865
TMW/2026_3_27_TMCA/spring_10.xml,2026_3_27_TMCA,.xml,11243773
TMW/2026_3_27_TMCA/spring_10_metrics.json,2026_3_27_TMCA,.json,1647
TMW/2026_3_27_TMCA/spring_10_time_series.jpg,2026_3_27_TMCA,.jpg,259401
TMW/2026_3_27_TMCA/spring_10_vel_vs_load.jpg,2026_3_27_TMCA,.jpg,219070
TMW/2026_3_27_TMCA/spring_11.jpg,2026_3_27_TMCA,.jpg,309292
TMW/2026_3_27_TMCA/spring_11.xml,2026_3_27_TMCA,.xml,11800982
TMW/2026_3_27_TMCA/spring_11_metrics.json,2026_3_27_TMCA,.json,859
TMW/2026_3_27_TMCA/spring_11_time_series.jpg,2026_3_27_TMCA,.jpg,238785
TMW/2026_3_27_TMCA/spring_11_vel_vs_load.jpg,2026_3_27_TMCA,.jpg,162431
TMW/2026_3_27_TMCA/spring_12.jpg,2026_3_27_TMCA,.jpg,309019
TMW/2026_3_27_TMCA/spring_12.xml,2026_3_27_TMCA,.xml,11885142
TMW/2026_3_27_TMCA/spring_12_metrics.json,2026_3_27_TMCA,.json,849
TMW/2026_3_27_TMCA/spring_12_time_series.jpg,2026_3_27_TMCA,.jpg,242596
TMW/2026_3_27_TMCA/spring_12_vel_vs_load.jpg,2026_3_27_TMCA,.jpg,164290
TMW/2026_3_27_TMCA/spring_6.jpg,2026_3_27_TMCA,.jpg,319333
TMW/2026_3_27_TMCA/spring_6.xml,2026_3_27_TMCA,.xml,11761325
TMW/2026_3_27_TMCA/spring_6_metrics.json,2026_3_27_TMCA,.json,1678
TMW/2026_3_27_TMCA/spring_6_time_series.jpg,2026_3_27_TMCA,.jpg,250351
TMW/2026_3_27_TMCA/spring_6_vel_vs_load.jpg,2026_3_27_TMCA,.jpg,196660
TMW/2026_3_27_TMCA/spring_7.jpg,2026_3_27_TMCA,.jpg,191169
TMW/2026_3_27_TMCA/spring_7.xml,2026_3_27_TMCA,.xml,10939123
TMW/2026_3_27_TMCA/spring_7_metrics.json,2026_3_27_TMCA,.json,836
TMW/2026_3_27_TMCA/spring_7_time_series.jpg,2026_3_27_TMCA,.jpg,218494
TMW/2026_3_27_TMCA/spring_7_vel_vs_load.jpg,2026_3_27_TMCA,.jpg,173371
TMW/2026_3_27_TMCA/spring_8.jpg,2026_3_27_TMCA,.jpg,178500
TMW/2026_3_27_TMCA/spring_8.xml,2026_3_27_TMCA,.xml,10939126
TMW/2026_3_27_TMCA/spring_8_metrics.json,2026_3_27_TMCA,.json,791
TMW/2026_3_27_TMCA/spring_8_time_series.jpg,2026_3_27_TMCA,.jpg,185536
TMW/2026_3_27_TMCA/spring_8_vel_vs_load.jpg,2026_3_27_TMCA,.jpg,162659
TMW/2026_3_27_TMCA/spring_9.jpg,2026_3_27_TMCA,.jpg,312103
TMW/2026_3_27_TMCA/spring_9.xml,2026_3_27_TMCA,.xml,11740601
TMW/2026_3_27_TMCA/spring_9_metrics.json,2026_3_27_TMCA,.json,1642
TMW/2026_3_27_TMCA/spring_9_time_series.jpg,2026_3_27_TMCA,.jpg,256823
TMW/2026_3_27_TMCA/spring_9_vel_vs_load.jpg,2026_3_27_TMCA,.jpg,221132
TMW/2026_3_27_TMCA/start_weld_overrides.json,2026_3_27_TMCA,.json,266
TMW/2026_3_27_TMCA/TMW_summary.xlsx,2026_3_27_TMCA,.xlsx,9876
TMW/2026_3_29_TMCA/B6F0SL_20.jpg,2026_3_29_TMCA,.jpg,320276
TMW/2026_3_29_TMCA/B6F0SL_20.xml,2026_3_29_TMCA,.xml,11778613
TMW/2026_3_29_TMCA/B6F0SL_20_metrics.json,2026_3_29_TMCA,.json,1737
TMW/2026_3_29_TMCA/B6F0SL_20_time_series.jpg,2026_3_29_TMCA,.jpg,270083
TMW/2026_3_29_TMCA/B6F0SL_20_vel_vs_load.jpg,2026_3_29_TMCA,.jpg,221678
TMW/2026_3_29_TMCA/B6F0SL_H_21.jpg,2026_3_29_TMCA,.jpg,319442
TMW/2026_3_29_TMCA/B6F0SL_H_21.xml,2026_3_29_TMCA,.xml,11788624
TMW/2026_3_29_TMCA/B6F0SL_H_21_metrics.json,2026_3_29_TMCA,.json,1773
TMW/2026_3_29_TMCA/B6F0SL_H_21_time_series.jpg,2026_3_29_TMCA,.jpg,272034
TMW/2026_3_29_TMCA/B6F0SL_H_21_vel_vs_load.jpg,2026_3_29_TMCA,.jpg,215055
TMW/2026_3_29_TMCA/B6F0SL_H_22.jpg,2026_3_29_TMCA,.jpg,318081
TMW/2026_3_29_TMCA/B6F0SL_H_22.xml,2026_3_29_TMCA,.xml,11782004
TMW/2026_3_29_TMCA/B6F0SL_H_22_metrics.json,2026_3_29_TMCA,.json,1763
TMW/2026_3_29_TMCA/B6F0SL_H_22_time_series.jpg,2026_3_29_TMCA,.jpg,271586
TMW/2026_3_29_TMCA/B6F0SL_H_22_vel_vs_load.jpg,2026_3_29_TMCA,.jpg,214979
TMW/2026_3_29_TMCA/B7FT7SL_18.jpg,2026_3_29_TMCA,.jpg,310864
TMW/2026_3_29_TMCA/B7FT7SL_18.xml,2026_3_29_TMCA,.xml,11678869
TMW/2026_3_29_TMCA/B7FT7SL_18_metrics.json,2026_3_29_TMCA,.json,1701
TMW/2026_3_29_TMCA/B7FT7SL_18_time_series.jpg,2026_3_29_TMCA,.jpg,277745
TMW/2026_3_29_TMCA/B7FT7SL_18_vel_vs_load.jpg,2026_3_29_TMCA,.jpg,206600
TMW/2026_3_29_TMCA/B7FT7SL_19.jpg,2026_3_29_TMCA,.jpg,320904
TMW/2026_3_29_TMCA/B7FT7SL_19.xml,2026_3_29_TMCA,.xml,11785434
TMW/2026_3_29_TMCA/B7FT7SL_19_metrics.json,2026_3_29_TMCA,.json,1748
TMW/2026_3_29_TMCA/B7FT7SL_19_time_series.jpg,2026_3_29_TMCA,.jpg,264928
TMW/2026_3_29_TMCA/B7FT7SL_19_vel_vs_load.jpg,2026_3_29_TMCA,.jpg,207644
TMW/2026_3_29_TMCA/ctds_manual_overrides.json,2026_3_29_TMCA,.json,2545
TMW/2026_3_29_TMCA/ID_dictionary.xlsx,2026_3_29_TMCA,.xlsx,8803
TMW/2026_3_29_TMCA/mapping.xlsx,2026_3_29_TMCA,.xlsx,8861
TMW/2026_3_29_TMCA/Parameters_B6F0SL_20.xml,2026_3_29_TMCA,.xml,797
TMW/2026_3_29_TMCA/Parameters_B6F0SL_H_21.xml,2026_3_29_TMCA,.xml,797
TMW/2026_3_29_TMCA/Parameters_B6F0SL_H_22.xml,2026_3_29_TMCA,.xml,797
TMW/2026_3_29_TMCA/Parameters_B7FT7SL_18.xml,2026_3_29_TMCA,.xml,797
TMW/2026_3_29_TMCA/Parameters_B7FT7SL_19.xml,2026_3_29_TMCA,.xml,797
TMW/2026_3_29_TMCA/start_weld_overrides.json,2026_3_29_TMCA,.json,148
TMW/2026_3_29_TMCA/TMW_summary.xlsx,2026_3_29_TMCA,.xlsx,8366
TMW/2026_3_6_TMCA/B7F5SL_7.jpg,2026_3_6_TMCA,.jpg,321952
TMW/2026_3_6_TMCA/B7F5SL_7.xml,2026_3_6_TMCA,.xml,11772540
TMW/2026_3_6_TMCA/B7F5SL_7_metrics.json,2026_3_6_TMCA,.json,1726
TMW/2026_3_6_TMCA/B7F5SL_7_time_series.jpg,2026_3_6_TMCA,.jpg,263275
TMW/2026_3_6_TMCA/B7F5SL_7_vel_vs_load.jpg,2026_3_6_TMCA,.jpg,212694
TMW/2026_3_6_TMCA/B7F5SL_8.jpg,2026_3_6_TMCA,.jpg,327147
TMW/2026_3_6_TMCA/B7F5SL_8.xml,2026_3_6_TMCA,.xml,11793177
TMW/2026_3_6_TMCA/B7F5SL_8_metrics.json,2026_3_6_TMCA,.json,1705
TMW/2026_3_6_TMCA/B7F5SL_8_time_series.jpg,2026_3_6_TMCA,.jpg,270776
TMW/2026_3_6_TMCA/B7F5SL_8_vel_vs_load.jpg,2026_3_6_TMCA,.jpg,216535
TMW/2026_3_6_TMCA/ID_dictionary.xlsx,2026_3_6_TMCA,.xlsx,8961
TMW/2026_3_6_TMCA/mapping.xlsx,2026_3_6_TMCA,.xlsx,8856
TMW/2026_3_6_TMCA/Parameters_B7F5SL_7.xml,2026_3_6_TMCA,.xml,797
TMW/2026_3_6_TMCA/Parameters_B7F5SL_8.xml,2026_3_6_TMCA,.xml,797
TMW/2026_3_6_TMCA/start_weld_overrides.json,2026_3_6_TMCA,.json,56
TMW/2026_3_6_TMCA/TMW_summary.xlsx,2026_3_6_TMCA,.xlsx,6490
TMW/2026_3_6_TMW/B7F0SL_11.jpg,2026_3_6_TMW,.jpg,395321
TMW/2026_3_6_TMW/B7F0SL_11.xml,2026_3_6_TMW,.xml,11479733
TMW/2026_3_6_TMW/B7F0SL_11_combined_graphs.jpg,2026_3_6_TMW,.jpg,403150
TMW/2026_3_6_TMW/B7F5SL_10.jpg,2026_3_6_TMW,.jpg,386783
TMW/2026_3_6_TMW/B7F5SL_10.xml,2026_3_6_TMW,.xml,11412386
TMW/2026_3_6_TMW/B7F5SL_10_combined_graphs.jpg,2026_3_6_TMW,.jpg,403141
TMW/2026_3_6_TMW/B7F5SL_2.jpg,2026_3_6_TMW,.jpg,396353
TMW/2026_3_6_TMW/B7F5SL_2.xml,2026_3_6_TMW,.xml,11446310
TMW/2026_3_6_TMW/B7F5SL_2_combined_graphs.jpg,2026_3_6_TMW,.jpg,390419
TMW/2026_3_6_TMW/B7F5SL_3.jpg,2026_3_6_TMW,.jpg,405089
TMW/2026_3_6_TMW/B7F5SL_3.xml,2026_3_6_TMW,.xml,11474188
TMW/2026_3_6_TMW/B7F5SL_3_combined_graphs.jpg,2026_3_6_TMW,.jpg,407697
TMW/2026_3_6_TMW/B7F5SL_4.jpg,2026_3_6_TMW,.jpg,400706
TMW/2026_3_6_TMW/B7F5SL_4.xml,2026_3_6_TMW,.xml,11471021
TMW/2026_3_6_TMW/B7F5SL_4_combined_graphs.jpg,2026_3_6_TMW,.jpg,398413
TMW/2026_3_6_TMW/B7F5SL_5.jpg,2026_3_6_TMW,.jpg,387649
TMW/2026_3_6_TMW/B7F5SL_5.xml,2026_3_6_TMW,.xml,11414413
TMW/2026_3_6_TMW/B7F5SL_5_combined_graphs.jpg,2026_3_6_TMW,.jpg,385692
TMW/2026_3_6_TMW/B7F5SL_6.jpg,2026_3_6_TMW,.jpg,510164
TMW/2026_3_6_TMW/B7F5SL_6.xml,2026_3_6_TMW,.xml,11906945
TMW/2026_3_6_TMW/B7F5SL_6_combined_graphs.jpg,2026_3_6_TMW,.jpg,390861
TMW/2026_3_6_TMW/B7F5SL_9.jpg,2026_3_6_TMW,.jpg,396744
TMW/2026_3_6_TMW/B7F5SL_9.xml,2026_3_6_TMW,.xml,11426880
TMW/2026_3_6_TMW/B7F5SL_9_combined_graphs.jpg,2026_3_6_TMW,.jpg,405770
TMW/2026_3_6_TMW/ID_dictionary.xlsx,2026_3_6_TMW,.xlsx,9080
TMW/2026_3_6_TMW/mapping.xlsx,2026_3_6_TMW,.xlsx,10519
TMW/2026_3_6_TMW/Parameters_B7F0SL_11.xml,2026_3_6_TMW,.xml,802
TMW/2026_3_6_TMW/Parameters_B7F5SL_10.xml,2026_3_6_TMW,.xml,817
TMW/2026_3_6_TMW/Parameters_B7F5SL_2.xml,2026_3_6_TMW,.xml,812
TMW/2026_3_6_TMW/Parameters_B7F5SL_3.xml,2026_3_6_TMW,.xml,802
TMW/2026_3_6_TMW/Parameters_B7F5SL_4.xml,2026_3_6_TMW,.xml,815
TMW/2026_3_6_TMW/Parameters_B7F5SL_5.xml,2026_3_6_TMW,.xml,801
TMW/2026_3_6_TMW/Parameters_B7F5SL_6.xml,2026_3_6_TMW,.xml,815
TMW/2026_3_6_TMW/Parameters_B7F5SL_9.xml,2026_3_6_TMW,.xml,817
TMW/2026_3_6_TMW/start_weld_overrides.json,2026_3_6_TMW,.json,283
TMW/2026_3_6_TMW/TMW2026.py,2026_3_6_TMW,.py,51323
TMW/2026_3_6_TMW/TMW_summary.xlsx,2026_3_6_TMW,.xlsx,6766
TMW/AA7075_TMW_TMCA_correlation_caption_latex.txt,TMW,.txt,965
TMW/AA7075_TMW_TMCA_correlation_caption_latex_short.txt,TMW,.txt,684
TMW/AA7075_TMW_TMCA_correlation_Vc_matchedOnly_1to1.py,TMW,.py,13490
TMW/B7FTSL8_SEM_TMW/B7FT7SL8.jpg,B7FTSL8_SEM_TMW,.jpg,251434
TMW/B7FTSL8_SEM_TMW/B7FT7SL8.pdf,B7FTSL8_SEM_TMW,.pdf,74762
TMW/B7FTSL8_SEM_TMW/B7FT7SL8.xml,B7FTSL8_SEM_TMW,.xml,13408470
TMW/B7FTSL8_SEM_TMW/B7FT7SL8_combined_graphs.jpg,B7FTSL8_SEM_TMW,.jpg,383766
TMW/B7FTSL8_SEM_TMW/Figure_13.jpg,B7FTSL8_SEM_TMW,.jpg,492027
TMW/B7FTSL8_SEM_TMW/Figure_13.pdf,B7FTSL8_SEM_TMW,.pdf,1548424
TMW/B7FTSL8_SEM_TMW/ID_dictionary.xlsx,B7FTSL8_SEM_TMW,.xlsx,9080
TMW/B7FTSL8_SEM_TMW/Plan A.jpg,B7FTSL8_SEM_TMW,.jpg,246073
TMW/B7FTSL8_SEM_TMW/plan B.tif,B7FTSL8_SEM_TMW,.tif,14674810
TMW/B7FTSL8_SEM_TMW/Plan C.tif,B7FTSL8_SEM_TMW,.tif,14674746
TMW/B7FTSL8_SEM_TMW/plan D.tif,B7FTSL8_SEM_TMW,.tif,14674658
TMW/B7FTSL8_SEM_TMW/Plan E.tif,B7FTSL8_SEM_TMW,.tif,14674914
TMW/B7FTSL8_SEM_TMW/plan F.tif,B7FTSL8_SEM_TMW,.tif,14674944
TMW/B7FTSL8_SEM_TMW/Plan G.tif,B7FTSL8_SEM_TMW,.tif,14674972
TMW/B7FTSL8_SEM_TMW/Plan H.tif,B7FTSL8_SEM_TMW,.tif,14674978
TMW/B7FTSL8_SEM_TMW/Plan I.tif,B7FTSL8_SEM_TMW,.tif,14674744
TMW/B7FTSL8_SEM_TMW/plot_all_planes.py,B7FTSL8_SEM_TMW,.py,6577
TMW/B7FTSL8_SEM_TMW/start_weld_overrides.json,B7FTSL8_SEM_TMW,.json,38
TMW/B7FTSL8_SEM_TMW/TMW2026_fractograpy.py,B7FTSL8_SEM_TMW,.py,55467
TMW/B7FTSL8_SEM_TMW/TMW_summary.xlsx,B7FTSL8_SEM_TMW,.xlsx,5532
TMW/B7FTSL8_SEM_TMW/VF_500_BSE_3.tif,B7FTSL8_SEM_TMW,.tif,14674794
TMW/B7FTSL8_SEM_TMW/VF_7000.tif,B7FTSL8_SEM_TMW,.tif,8108672
TMW/CT_TMCA/B6F0SL_20.jpg,CT_TMCA,.jpg,322647
TMW/CT_TMCA/B6F0SL_20.xml,CT_TMCA,.xml,11778613
TMW/CT_TMCA/B6F0SL_20_metrics.json,CT_TMCA,.json,2222
TMW/CT_TMCA/B6F0SL_20_time_series.jpg,CT_TMCA,.jpg,270662
TMW/CT_TMCA/B6F0SL_20_vel_vs_load.jpg,CT_TMCA,.jpg,232110
TMW/CT_TMCA/B6F5SL_25.jpg,CT_TMCA,.jpg,331506
TMW/CT_TMCA/B6F5SL_25.xml,CT_TMCA,.xml,11826041
TMW/CT_TMCA/B6F5SL_25_metrics.json,CT_TMCA,.json,2247
TMW/CT_TMCA/B6F5SL_25_time_series.jpg,CT_TMCA,.jpg,267335
TMW/CT_TMCA/B6F5SL_25_vel_vs_load.jpg,CT_TMCA,.jpg,239686
TMW/CT_TMCA/B7F0SL_27.jpg,CT_TMCA,.jpg,326395
TMW/CT_TMCA/B7F0SL_27.xml,CT_TMCA,.xml,11766749
TMW/CT_TMCA/B7F0SL_27_metrics.json,CT_TMCA,.json,2214
TMW/CT_TMCA/B7F0SL_27_time_series.jpg,CT_TMCA,.jpg,274379
TMW/CT_TMCA/B7F0SL_27_vel_vs_load.jpg,CT_TMCA,.jpg,216456
TMW/CT_TMCA/B7F5SL_8.jpg,CT_TMCA,.jpg,329015
TMW/CT_TMCA/B7F5SL_8.xml,CT_TMCA,.xml,11793177
TMW/CT_TMCA/B7F5SL_8_metrics.json,CT_TMCA,.json,2268
TMW/CT_TMCA/B7F5SL_8_time_series.jpg,CT_TMCA,.jpg,274445
TMW/CT_TMCA/B7F5SL_8_vel_vs_load.jpg,CT_TMCA,.jpg,217540
TMW/CT_TMCA/B7FT7SL_19.jpg,CT_TMCA,.jpg,321828
TMW/CT_TMCA/B7FT7SL_19.xml,CT_TMCA,.xml,11785434
TMW/CT_TMCA/B7FT7SL_19_metrics.json,CT_TMCA,.json,2301
TMW/CT_TMCA/B7FT7SL_19_time_series.jpg,CT_TMCA,.jpg,267526
TMW/CT_TMCA/B7FT7SL_19_vel_vs_load.jpg,CT_TMCA,.jpg,214024
TMW/CT_TMCA/ID_dictionary.xlsx,CT_TMCA,.xlsx,8961
TMW/CT_TMCA/mapping.xlsx,CT_TMCA,.xlsx,10083
TMW/CT_TMCA/Parameters_B6F0SL_20.xml,CT_TMCA,.xml,797
TMW/CT_TMCA/Parameters_B6F5SL_25.xml,CT_TMCA,.xml,799
TMW/CT_TMCA/Parameters_B7F0SL_27.xml,CT_TMCA,.xml,797
TMW/CT_TMCA/Parameters_B7F5SL_8.xml,CT_TMCA,.xml,797
TMW/CT_TMCA/Parameters_B7FT7SL_19.xml,CT_TMCA,.xml,797
TMW/CT_TMCA/start_weld_overrides.json,CT_TMCA,.json,113
TMW/CT_TMCA/TMW_summary.xlsx,CT_TMCA,.xlsx,8600
TMW/paper/AA7075_TMW_TMCA_correlation_Vc_matchedOnly_1to1_JMPT_labels.py,paper,.py,13637
TMW/paper/figures_TMCA/TMCA_transition_range_TMWstyle_box.pdf,paper,.pdf,28192
TMW/paper/figures_TMCA/TMCA_transition_range_TMWstyle_box.png,paper,.png,401176
TMW/paper/figures_TMCA/TMCA_transition_range_values_box_repeats.csv,paper,.csv,2206
TMW/paper/figures_TMCA/TMCA_transition_range_values_box_summary.csv,paper,.csv,1847
TMW/paper/Lstar_vs_V_6061_5356.png,paper,.png,157012
TMW/paper/Lstar_vs_V_6061_no_wire.png,paper,.png,155190
TMW/paper/Lstar_vs_V_7075_5356.png,paper,.png,159646
TMW/paper/Lstar_vs_V_7075_7075tic.png,paper,.png,160884
TMW/paper/Lstar_vs_V_7075_no_wire.png,paper,.png,172175
TMW/paper/Lstar_vs_V_7075_no_wire_90_0.png,paper,.png,169729
TMW/paper/README.md,paper,.md,2626
TMW/paper/read_hdf5_example.py,paper,.py,1357
TMW/paper/TMCA_JMPT_labels.py,paper,.py,156054
TMW/paper/TMCA_JMPT_labels_CTcorrected.py,paper,.py,160489
TMW/paper/TMCA_JMPT_labels_CTcorrected_fixedTable.py,paper,.py,160406
TMW/paper/TMCA_summry_plot_JMPT_labels.py,paper,.py,13721
TMW/paper/TMW2026_JMPT_labels.py,paper,.py,49047
TMW/paper/TMW_summry_plot_fit_JMPT_labels.py,paper,.py,28347
TMW/paper/TMW_TMCA_correlation_Vc_matchedOnly_1to1.png,paper,.png,220451
TMW/paper/TMW_TMCA_supplementary_data.h5,paper,.h5,61088
TMW/paper/Transition_ranges_summary.png,paper,.png,235029
TMW/paper/__pycache__/TMCA_JMPT_labels.cpython-314.pyc,paper,.pyc,164177
TMW/scripts/apply_end_crack_mapping.py,scripts,.py,6628
TMW/scripts/check_mapping_load.py,scripts,.py,779
TMW/scripts/preview_mapping.py,scripts,.py,1662
TMW/scripts/print_first_parameters.py,scripts,.py,679
TMW/scripts/print_measured_summary.py,scripts,.py,1578
TMW/scripts/test_apply_mapping.py,scripts,.py,757
TMW/Summery_plots/dec2025_tmca.xlsx,Summery_plots,.xlsx,16636
TMW/Summery_plots/figures_TMCA/TMCA_transition_range_TMWstyle.pdf,Summery_plots,.pdf,27955
TMW/Summery_plots/figures_TMCA/TMCA_transition_range_TMWstyle.png,Summery_plots,.png,370517
TMW/Summery_plots/figures_TMCA/TMCA_transition_range_TMWstyle_box.pdf,Summery_plots,.pdf,30406
TMW/Summery_plots/figures_TMCA/TMCA_transition_range_TMWstyle_box.png,Summery_plots,.png,391823
TMW/Summery_plots/figures_TMCA/TMCA_transition_range_values_box_repeats.csv,Summery_plots,.csv,2160
TMW/Summery_plots/figures_TMCA/TMCA_transition_range_values_box_summary.csv,Summery_plots,.csv,1839
TMW/Summery_plots/figures_TMCA/TMCA_transition_range_values_repeats.csv,Summery_plots,.csv,2245
TMW/Summery_plots/figures_TMCA/TMCA_transition_range_values_summary.csv,Summery_plots,.csv,1861
TMW/Summery_plots/Lstar_vs_V_6061_5356.pdf,Summery_plots,.pdf,17718
TMW/Summery_plots/Lstar_vs_V_6061_5356.png,Summery_plots,.png,158162
TMW/Summery_plots/Lstar_vs_V_6061_no_wire.pdf,Summery_plots,.pdf,17730
TMW/Summery_plots/Lstar_vs_V_6061_no_wire.png,Summery_plots,.png,156110
TMW/Summery_plots/Lstar_vs_V_7075_5356.pdf,Summery_plots,.pdf,18052
TMW/Summery_plots/Lstar_vs_V_7075_5356.png,Summery_plots,.png,161813
TMW/Summery_plots/Lstar_vs_V_7075_7075tic.pdf,Summery_plots,.pdf,17872
TMW/Summery_plots/Lstar_vs_V_7075_7075tic.png,Summery_plots,.png,161805
TMW/Summery_plots/Lstar_vs_V_7075_no_wire.pdf,Summery_plots,.pdf,17805
TMW/Summery_plots/Lstar_vs_V_7075_no_wire.png,Summery_plots,.png,173102
TMW/Summery_plots/Lstar_vs_V_7075_no_wire_90_0.pdf,Summery_plots,.pdf,17851
TMW/Summery_plots/Lstar_vs_V_7075_no_wire_90_0.png,Summery_plots,.png,172604
TMW/Summery_plots/oct2025_tmw.xlsx,Summery_plots,.xlsx,12136
TMW/Summery_plots/TMCA_summry_plot.py,Summery_plots,.py,14397
TMW/Summery_plots/TMW_summry_plot.py,Summery_plots,.py,16409
TMW/Summery_plots/TMW_summry_plot_fit.py,Summery_plots,.py,28956
TMW/Summery_plots/Transition_ranges_summary.pdf,Summery_plots,.pdf,14279
TMW/Summery_plots/Transition_ranges_summary.png,Summery_plots,.png,230889
TMW/Summery_plots/__pycache__/TMW_summry_plot_fit.cpython-314.pyc,Summery_plots,.pyc,40736
TMW/Summery_plots/~$dec2025_tmca.xlsx,Summery_plots,.xlsx,165
TMW/TMCA.py,TMW,.py,147711
TMW/TMW Flow Chart.py,TMW,.py,3506
TMW/tmw_control_method_flowchart.html,TMW,.html,3045
TMW/TMW_CTDS_Analyze.py,TMW,.py,109904
TMW/TMW_CTDS_Analyze_clean.py,TMW,.py,76561
TMW/TMW_test/B6F0SL_35.xml,TMW_test,.xml,11862054
TMW/TMW_test/B6F5SL_31.xml,TMW_test,.xml,11711413
TMW/TMW_test/B6F5SL_32.xml,TMW_test,.xml,11547974
TMW/TMW_test/B6F5SL_33.xml,TMW_test,.xml,11491894
TMW/TMW_test/B7F0PHSL2_18.xml,TMW_test,.xml,22592344
TMW/TMW_test/B7F0PHSL3_23.xml,TMW_test,.xml,22502381
TMW/TMW_test/B7F0PHSL4_19.xml,TMW_test,.xml,22474168
TMW/TMW_test/B7F0PHSL5_20.xml,TMW_test,.xml,22400215
TMW/TMW_test/B7F0PHSL6_22.xml,TMW_test,.xml,22867566
TMW/TMW_test/B7F0PHSL6_24.xml,TMW_test,.xml,22478184
TMW/TMW_test/B7F0PHSL7_21.xml,TMW_test,.xml,22884118
TMW/TMW_test/B7F0PHSL8_25.xml,TMW_test,.xml,22486057
TMW/TMW_test/B7F0PHSL9_3.xml,TMW_test,.xml,22859740
TMW/TMW_test/B7F0SL10_13.xml,TMW_test,.xml,22916136
TMW/TMW_test/B7F0SL11_14.xml,TMW_test,.xml,22417787
TMW/TMW_test/B7F0SL11_17.xml,TMW_test,.xml,22419294
TMW/TMW_test/B7F0SL12_2.xml,TMW_test,.xml,22858152
TMW/TMW_test/B7F0SL1_4.xml,TMW_test,.xml,22793412
TMW/TMW_test/B7F0SL1_6.xml,TMW_test,.xml,22843367
TMW/TMW_test/B7F0SL3_16.xml,TMW_test,.xml,22927313
TMW/TMW_test/B7F0SL3_9.xml,TMW_test,.xml,22436280
TMW/TMW_test/B7F0SL5_7.xml,TMW_test,.xml,22536610
TMW/TMW_test/B7F0SL6_12.xml,TMW_test,.xml,22879680
TMW/TMW_test/B7F0SL7_15.xml,TMW_test,.xml,22892305
TMW/TMW_test/B7F5SL10_11.xml,TMW_test,.xml,22342914
TMW/TMW_test/B7F5SL1_2.xml,TMW_test,.xml,22638055
TMW/TMW_test/B7F5SL2_3.xml,TMW_test,.xml,22541411
TMW/TMW_test/B7F5SL3_4.xml,TMW_test,.xml,22449140
TMW/TMW_test/B7F5SL4_5.xml,TMW_test,.xml,22403675
TMW/TMW_test/B7F5SL5_6.xml,TMW_test,.xml,22392834
TMW/TMW_test/B7F5SL6_7.xml,TMW_test,.xml,22339299
TMW/TMW_test/B7F5SL7_8.xml,TMW_test,.xml,22857635
TMW/TMW_test/B7F5SL8_9.xml,TMW_test,.xml,22853950
TMW/TMW_test/B7F5SL9_10.xml,TMW_test,.xml,22853543
TMW/TMW_test/B7F5SL_29.xml,TMW_test,.xml,11450948
TMW/TMW_test/B7F5SL_30.xml,TMW_test,.xml,11514331
TMW/TMW_test/B7FT7SL1_4.xml,TMW_test,.xml,22845543
TMW/TMW_test/B7FT7SL1_5.xml,TMW_test,.xml,22658379
TMW/TMW_test/B7FT7SL2_6.xml,TMW_test,.xml,22449112
TMW/TMW_test/B7FT7SL3_7.xml,TMW_test,.xml,22364256
TMW/TMW_test/B7FT7SL4_12.xml,TMW_test,.xml,22893180
TMW/TMW_test/B7FT7SL4_8.xml,TMW_test,.xml,22361862
TMW/TMW_test/B7FT7SL5_9.xml,TMW_test,.xml,22829453
TMW/TMW_test/B7FT7SL6_10.xml,TMW_test,.xml,22865121
TMW/TMW_test/B7FT7SL7_11.xml,TMW_test,.xml,22866738
TMW/TMW_test/B7FT7SL8_13.xml,TMW_test,.xml,22863827
TMW/TMW_test/ID_dictionary.xlsx,TMW_test,.xlsx,9080
TMW/TMW_test/mapping.xlsx,TMW_test,.xlsx,11083
TMW/TMW_test/Parameters_B6F0SL_34.xml,TMW_test,.xml,774
TMW/TMW_test/Parameters_B6F0SL_35.xml,TMW_test,.xml,774
TMW/TMW_test/Parameters_B6F0SL_36.xml,TMW_test,.xml,774
TMW/TMW_test/Parameters_B6F5SL_31.xml,TMW_test,.xml,774
TMW/TMW_test/Parameters_B6F5SL_32.xml,TMW_test,.xml,774
TMW/TMW_test/Parameters_B6F5SL_33.xml,TMW_test,.xml,773
TMW/TMW_test/Parameters_B7F5SL_29.xml,TMW_test,.xml,774
TMW/TMW_test/Parameters_B7F5SL_30.xml,TMW_test,.xml,773
TMW/TMW_test/start_weld_overrides.json,TMW_test,.json,1486
TMW/TMW_TMCA_best_comparison.py,TMW,.py,20398
TMW/TMW_TMCA_best_comparison_outputs/TMW_TMCA_best_comparison.png,TMW_TMCA_best_comparison_outputs,.png,173521
TMW/TMW_TMCA_best_comparison_outputs/TMW_TMCA_best_comparison.xlsx,TMW_TMCA_best_comparison_outputs,.xlsx,8625
TMW/TMW_TMCA_correlation_Vc_matchedOnly_1to1.png,TMW,.png,231374
TMW/__pycache__/TMCA.cpython-314.pyc,__pycache__,.pyc,156069
TMW/__pycache__/TMCA.cpython-314.pyc.1647136908064,__pycache__,.1647136908064,125835
TMW/__pycache__/TMCA.cpython-314.pyc.1847519060768,__pycache__,.1847519060768,125854
TMW/__pycache__/TMCA.cpython-314.pyc.2273427073232,__pycache__,.2273427073232,125854
TMW/__pycache__/TMCA.cpython-314.pyc.3140405338912,__pycache__,.3140405338912,125854
TMW/__pycache__/TMW-CTDS.cpython-314.pyc,__pycache__,.pyc,37628
TMW/__pycache__/TMW_paper.cpython-314.pyc,__pycache__,.pyc,72462
TMW/__pycache__/TMW_paper_CTDS_fit.cpython-314.pyc,__pycache__,.pyc,96353
